TelegramFileName,Type,Topic,SeriesName,SubTopic,Serial,OriginalAuthor,Location/Online,Sheikh,DateInArabic,DateInGreg,ClipLength,Category,doubtsStatus
مفاسد المظاهرات.m4a,Khutba,مفاسد المظاهرات,Not Available,Not Available,Not Available,Not Available,جامع الورود,حسن بن محمد منصور الدغريري,١٧ جمادى الآخرة ١٤٤٠هـ,03.10.2025,14:56,Other,none
Not Available,Series,Not Available,Not Available,Not Available,Not Available,Not Available,جامع الورود,حسن بن محمد منصور الدغريري,30 شعبان 1438ه,03.10.2025,Not Available,Other,Type unclear - defaulted to Series; Series name not clearly identified; Serial number not found; Original author not found
قناة مجالس العلم النافع – خطر المظاهرات في الإسلام,Lecture,خطر المظاهرات في الإسلام,Not Available,Not Available,Not Available,Not Available,جامع الورود,حسن بن محمد منصور الدغريري,٢٠٢٥/١٠/٠٣,03.10.2025,18:58,Other,none
Not Available,Series,Not Available,تأسيس الأحكام شرح عمدة الأحكام,كتاب التوحيد,Not Available,أحمد بن يحيى النجمي,جامع الورود,حسن بن محمد منصور الدغريري,Not Available,07.10.2025,Not Available,Hadeeth,Type unclear - defaulted to Series; Serial number not found; Arabic date not found
Not Available,Series,Not Available,تأسيس الأحكام شرح عمدة الأحكام,Not Available,Not Available,أحمد بن يحيى النجمي,Online,حسن بن محمد منصور الدغريري,Not Available,07.10.2025,Not Available,Hadeeth,Serial number not found; Arabic date not found
4_5992475423785622177 (1).mp3,Series,Not Available,تأسيس الأحكام شرح عمدة الأحكام,كتاب النكاح (١),الثاني والتسعون,أحمد بن يحيى النجمي,جامع الورود,حسن بن محمد منصور الدغريري,Not Available,07.10.2025,13:34,Hadeeth,Arabic date not found
4_5996911497937164125.mp3,Khutba,حقوق كبار السن,Not Available,Not Available,Not Available,Not Available,جامع الورود,حسن بن محمد منصور الدغريري,الجمعة ٢٧/ ٠٣/ ١٤٤٧,08.10.2025,08:23,Other,none
4_5996911497937164163.mp3,Series,Not Available,التفسير الميسر,سورة الفاتحة,الاول,نخبة من أهل العلم,جامع الورود,حسن بن محمد منصور الدغريري,١٤ / ٣ / ١٤٤٧,08.10.2025,13:02,Other,none
4_5996911497937164203.mp3,Series,Not Available,الملخص شرح كتاب التوحيد,كتاب التوحيد,الأول,صالح الفوزان,جامع الورود,حسن بن محمد منصور الدغريري,١٥ / ٣ / ١٤٤٧,08.10.2025,14:48,Aqeedah,none
4_5996911497937164265.mp3,Series,Not Available,الأفنان الندية,باب الربا,العاشر,زيد بن هادي المدخلي,Online,حسن بن محمد منصور الدغريري,Not Available,08.10.2025,18:36,Fiqh,Arabic date not found
4_5996911497937164380.m4a,Series,Not Available,منظومة سلم الوصول,Not Available,الرابع,حافظ حكمي,Online,حسن بن محمد منصور الدغريري,Not Available,09.10.2025,26:56,Aqeedah,Arabic date not found
4_5996911497937164392.mp3,Series,Not Available,تأسيس الأحكام شرح عمدة الأحكام,كتاب النكاح (٢),الثالث والتسعون,أحمد بن يحيى النجمي,جامع الورود,حسن بن محمد منصور الدغريري,Not Available,09.10.2025,17:24,Hadeeth,Arabic date not found
4_5996911497937164379.mp3,Series,Not Available,الملخص شرح كتاب التوحيد,كتاب التوحيد,الثاني,صالح الفوزان,جامع الورود,حسن بن محمد منصور الدغريري,١٧ / ٣ / ١٤٤٧,09.10.2025,11:47,Aqeedah,none
4_5999163297750849130.mp3,Series,Not Available,الملخص الفقهي,Not Available,الأول,صالح الفوزان,جامع الورود,حسن بن محمد منصور الدغريري,١٦ / ٣ / ١٤٤٧,09.10.2025,11:05,Fiqh,none
4_5999163297750849343.mp3,Series,Not Available,التفسير الميسر,سورة النبأ,الثاني,نخبة من أهل العلم,جامع الورود,حسن بن محمد منصور الدغريري,٢١ / ٣ / ١٤٤٧,09.10.2025,17:29,Other,none
Mp3 Editor_251009191509.mp3,Series,Not Available,الملخص شرح كتاب التوحيد,كتاب التوحيد,الثالث,صالح الفوزان,جامع الورود,حسن بن محمد منصور الدغريري,٢٢ / ٣ / ١٤٤٧,09.10.2025,12:41,Aqeedah,none
Mp3 Editor_251010051137.mp3,Series,Not Available,الملخص الفقهي,Not Available,الثاني,صالح الفوزان,جامع الورود,حسن بن محمد منصور الدغريري,١٨ / ٣ / ١٤٤٧,10.10.2025,10:03,Fiqh,none
4_5999204516551989829.mp3,Series,Not Available,الملخص الفقهي,Not Available,الثالث,صالح الفوزان,جامع الورود,حسن بن محمد منصور الدغريري,٢٣ / ٣ / ١٤٤٧,10.10.2025,12:42,Fiqh,none
Mp3 Editor_251010203747.mp3,Series,Not Available,الملخص شرح كتاب التوحيد,كتاب التوحيد,الرابع,صالح الفوزان,جامع الورود,حسن بن محمد منصور الدغريري,٢٤ / ٣ / ١٤٤٧,10.10.2025,14:43,Aqeedah,none
Mp3 Editor_251010204311.mp3,Series,Not Available,الملخص الفقهي,Not Available,الرابع,صالح الفوزان,جامع الورود,حسن بن محمد منصور الدغريري,٢٥ / ٣ / ١٤٤٧,10.10.2025,11:58,Fiqh,none
Mp3 Editor_251010204807.mp3,Series,Not Available,الأفنان الندية,باب الربا,الحادي عشر,زيد بن هادي المدخلي,Online,حسن بن محمد منصور الدغريري,Not Available,10.10.2025,23:24,Fiqh,Arabic date not found
Mp3 Editor_251010205658.mp3,Series,Not Available,الأفنان الندية,باب الربا والقرض,الثاني عشر,زيد بن هادي المدخلي,Online,حسن بن محمد منصور الدغريري,Not Available,10.10.2025,10:37,Fiqh,Arabic date not found
Mp3 Editor_251010210205.mp3,Series,Not Available,تأسيس الأحكام شرح عمدة الأحكام,كتاب النكاح (٣),الرابع والتسعون,أحمد بن يحيى النجمي,جامع الورود,حسن بن محمد منصور الدغريري,Not Available,10.10.2025,24:59,Hadeeth,Arabic date not found
Mp3 Editor_251010210714.mp3,Khutba,النعم في السعودية,Not Available,Not Available,Not Available,Not Available,جامع الورود,حسن بن محمد منصور الدغريري,الجمعة ٤ / ٤ / ١٤٤٧,10.10.2025,07:44,Other,none
Mp3 Editor_251010212128.mp3,Khutba,الرحمة بالمستأجرين,Not Available,Not Available,Not Available,Not Available,جامع الورود,حسن بن محمد منصور الدغريري,الجمعة ١٨/ ٤ / ١٤٤٧,10.10.2025,09:08,Other,none
Mp3 Editor_251013151759.mp3,Series,Not Available,التفسير الميسر,Not Available,الثالث,نخبة من أهل العلم,جامع الورود,حسن بن محمد منصور الدغريري,٢٨ / ٣ / ١٤٤٧,13.10.2025,06:40,Other,none
Mp3 Editor_251013152911.mp3,Series,Not Available,تأسيس الأحكام شرح عمدة الأحكام,كتاب الطهارة,الأول من أول,أحمد النجمي,جامع الورود,حسن بن محمد منصور الدغريري,٢٨ / ٣ / ١٤٤٧,13.10.2025,46:46,Hadeeth,none
Mp3 Editor_251013230959.mp3,Series,Not Available,شرح السنة,Not Available,الثاني,أحمد النجمي,جامع الورود,حسن بن محمد منصور الدغريري,٢٨ / ٣ / ١٤٤٧,14.10.2025,58:31,Aqeedah,none
Mp3 Editor_251013232021.mp3,Series,Not Available,تأسيس الأحكام شرح عمدة الأحكام,Not Available,الثاني,أحمد النجمي,جامع الورود,حسن بن محمد منصور الدغريري,٢٩ / ٣ / ١٤٤٧,14.10.2025,36:30,Hadeeth,none
Mp3 Editor_251013232558.mp3,Series,Not Available,الأفنان الندية,باب السلم والقرض,الثالث عشر,زيد بن هادي المدخلي,Online,حسن بن محمد منصور الدغريري,Not Available,14.10.2025,13:02,Fiqh,Arabic date not found
Mp3 Editor_251013233321.mp3,Series,Not Available,الملخص شرح كتاب التوحيد,كتاب التوحيد,الخامس,صالح الفوزان,جامع الورود,حسن بن محمد منصور الدغريري,٢٩ / ٣ / ١٤٤٧,14.10.2025,10:35,Aqeedah,none
Mp3 Editor_251013233847.mp3,Series,Not Available,الملخص الفقهي,Not Available,الخامس,صالح الفوزان,جامع الورود,حسن بن محمد منصور الدغريري,٣٠ / ٣ / ١٤٤٧,14.10.2025,15:41,Fiqh,none
AUD-20251012-WA0011.m4a,Series,Not Available,الأفنان الندية,باب السلم والقرض,الرابع عشر,زيد بن هادي المدخلي,Online,حسن بن محمد منصور الدغريري,Not Available,15.10.2025,23:00,Fiqh,Arabic date not found
Mp3 Editor_251015085009.mp3,Series,Not Available,تأسيس الأحكام شرح عمدة الأحكام,Not Available,الثالث,أحمد النجمي,جامع الورود,حسن بن محمد منصور الدغريري,٦ / ٤ / ١٤٤٧,15.10.2025,42:13,Hadeeth,none
Mp3 Editor_251015092648.mp3,Series,Not Available,التفسير الميسر,سورة النازعات,الرابع,نخبة من أهل العلم,جامع الورود,حسن بن محمد منصور الدغريري,٥ / ٤ / ١٤٤٧,15.10.2025,12:46,Other,none
Mp3 Editor_251015104410.mp3,Series,Not Available,الملخص شرح كتاب التوحيد,كتاب التوحيد,السادس,صالح الفوزان,جامع الورود,حسن بن محمد منصور الدغريري,٦ / ٤ / ١٤٤٧,15.10.2025,12:05,Aqeedah,none
Mp3 Editor_251015104815.mp3,Series,Not Available,منظومة سلم الوصول,Not Available,السادس,حافظ حكمي,Online,حسن بن محمد منصور الدغريري,Not Available,15.10.2025,28:58,Aqeedah,Arabic date not found
Mp3 Editor_251015105458.mp3,Series,Not Available,الملخص شرح كتاب التوحيد,كتاب التوحيد,السابع,صالح الفوزان,جامع الورود,حسن بن محمد منصور الدغريري,٧ / ٤ / ١٤٤٧,15.10.2025,14:05,Aqeedah,none
Mp3 Editor_251015105923.mp3,Series,Not Available,الملخص الفقهي,Not Available,السادس,صالح الفوزان,جامع الورود,حسن بن محمد منصور الدغريري,٧ / ٤ / ١٤٤٧,15.10.2025,08:34,Fiqh,none
Mp3 Editor_251015221637.mp3,Series,Not Available,تأسيس الأحكام شرح عمدة الأحكام,كتاب النكاح (٤),الخامس والتسعون,أحمد بن يحيى النجمي,جامع الورود,حسن بن محمد منصور الدغريري,Not Available,16.10.2025,19:26,Hadeeth,Arabic date not found
Mp3 Editor_251015222016.mp3,Series,Not Available,الملخص الفقهي,Not Available,السابع,صالح الفوزان,جامع الورود,حسن بن محمد منصور الدغريري,٩ / ٤ / ١٤٤٧,16.10.2025,13:12,Fiqh,none
AUD-20251012-WA0020.m4a,Khutba,وقفات مع السيرة النبوية(١),Not Available,Not Available,Not Available,Not Available,جامع الورود,حسن بن محمد منصور الدغريري,الجمعة ١١/ ٤ / ١٤٤٧,16.10.2025,11:04,Other,none
Mp3 Editor_251015223341.mp3,Series,Not Available,شرح السنة,Not Available,الثالث,أحمد النجمي,جامع الورود,حسن بن محمد منصور الدغريري,١٢ / ٤ / ١٤٤٧,16.10.2025,59:21,Aqeedah,none
Mp3 Editor_251015223639.mp3,Series,Not Available,التفسير الميسر,Not Available,الخامس,نخبة من أهل العلم,جامع الورود,حسن بن محمد منصور الدغريري,١٢ / ٤ / ١٤٤٧,16.10.2025,04:40,Other,none
Mp3 Editor_251015223832.mp3,Series,Not Available,الملخص شرح كتاب التوحيد,كتاب التوحيد,الثامن,صالح الفوزان,جامع الورود,حسن بن محمد منصور الدغريري,١٣ / ٤ / ١٤٤٧,16.10.2025,06:59,Aqeedah,none
Mp3 Editor_251015224410.mp3,Series,Not Available,الأفنان الندية,باب الكتابة والإشهاد والرهن في المعاملة,الخامس عشر,زيد بن هادي المدخلي,Online,حسن بن محمد منصور الدغريري,Not Available,16.10.2025,14:15,Fiqh,Arabic date not found
Mp3 Editor_251015225547.mp3,Series,Not Available,الملخص الفقهي,Not Available,الثامن,صالح الفوزان,جامع الورود,حسن بن محمد منصور الدغريري,١٤ / ٤ / ١٤٤٧,16.10.2025,09:58,Fiqh,none
Mp3 Editor_251015230010.mp3,Series,Not Available,الأفنان الندية,باب الرهن,السادس عشر,زيد بن هادي المدخلي,Online,حسن بن محمد منصور الدغريري,Not Available,16.10.2025,13:16,Fiqh,Arabic date not found
Mp3 Editor_251017120729.mp3,Series,Not Available,الملخص شرح كتاب التوحيد,كتاب التوحيد,التاسع,صالح الفوزان,جامع الورود,حسن بن محمد منصور الدغريري,١٥ / ٤ / ١٤٤٧,17.10.2025,06:47,Aqeedah,none
AUD-20251012-WA0033.m4a,Series,Not Available,تأسيس الأحكام شرح عمدة الأحكام,كتاب النكاح (٥),السادس والتسعون,أحمد بن يحيى النجمي,جامع الورود,حسن بن محمد منصور الدغريري,Not Available,17.10.2025,16:15,Hadeeth,Arabic date not found
Mp3 Editor_251017121802.mp3,Series,Not Available,الملخص الفقهي,Not Available,التاسع,صالح الفوزان,جامع الورود,حسن بن محمد منصور الدغريري,١٦ / ٤ / ١٤٤٧,17.10.2025,08:25,Fiqh,none
Mp3 Editor_251017122120.mp3,Series,Not Available,التفسير الميسر,سورة عبس,السادس,نخبة من أهل العلم,جامع الورود,حسن بن محمد منصور الدغريري,١٩ / ٤ / ١٤٤٧,17.10.2025,07:15,Other,none
Mp3 Editor_251017122807.mp3,Series,Not Available,شرح السنة,Not Available,الرابع,أحمد النجمي,جامع الورود,حسن بن محمد منصور الدغريري,١٩ / ٤ / ١٤٤٧,17.10.2025,1:06,Aqeedah,none
AUD-20251012-WA0037.m4a,Series,Not Available,الأفنان الندية,باب الحوالة والضمان,السابع عشر,زيد بن هادي المدخلي,Online,حسن بن محمد منصور الدغريري,Not Available,17.10.2025,16:31,Fiqh,Arabic date not found
Mp3 Editor_251017153618.mp3,Series,Not Available,الملخص شرح كتاب التوحيد,كتاب التوحيد,العاشر,صالح الفوزان,جامع الورود,حسن بن محمد منصور الدغريري,٢٠ / ٤ / ١٤٤٧,17.10.2025,09:22,Aqeedah,none
Mp3 Editor_251017153959.mp3,Series,Not Available,الملخص الفقهي,Not Available,العاشر,صالح الفوزان,جامع الورود,حسن بن محمد منصور الدغريري,٢١ / ٤ / ١٤٤٧,17.10.2025,05:16,Fiqh,none
Mp3 Editor_251017165500.mp3,Series,Not Available,منظومة سلم الوصول,Not Available,السابع,حافظ حكمي,Online,حسن بن محمد منصور الدغريري,Not Available,17.10.2025,24:03,Aqeedah,Arabic date not found
Mp3 Editor_251017170123.mp3,Series,Not Available,الملخص شرح كتاب التوحيد,كتاب التوحيد,الحادي عشر,صالح الفوزان,جامع الورود,حسن بن محمد منصور الدغريري,٢٢ / ٤ / ١٤٤٧,17.10.2025,07:50,Aqeedah,none
Mp3 Editor_251017170646.mp3,Series,Not Available,الملخص الفقهي,Not Available,الحادي عشر,صالح الفوزان,جامع الورود,حسن بن محمد منصور الدغريري,٢٣ / ٤ / ١٤٤٧,17.10.2025,08:37,Fiqh,none
AUD-20251015-WA0055.m4a,Series,Not Available,تأسيس الأحكام شرح عمدة الأحكام,كتاب النكاح (٦),السابع والتسعون,أحمد بن يحيى النجمي,جامع الورود,حسن بن محمد منصور الدغريري,Not Available,17.10.2025,22:15,Hadeeth,Arabic date not found
AUD-20251017-WA0000.m4a,Khutba,وقفات مع السيرة النبوية(٢),Not Available,Not Available,Not Available,Not Available,جامع الورود,حسن بن محمد منصور الدغريري,الجمعة ٢٥/ ٤ / ١٤٤٧,17.10.2025,09:44,Other,none
Mp3 Editor_251022060402.mp3,Series,Not Available,تأسيس الأحكام شرح عمدة الأحكام,Not Available,الرابع,أحمد النجمي,جامع الورود,حسن بن محمد منصور الدغريري,٢٦ / ٤ / ١٤٤٧,22.10.2025,53:01,Hadeeth,none
Mp3 Editor_251022060954.mp3,Series,Not Available,تأسيس الأحكام شرح عمدة الأحكام,Not Available,الخامس,أحمد النجمي,جامع الورود,حسن بن محمد منصور الدغريري,٢٧ / ٤ / ١٤٤٧,22.10.2025,57:12,Hadeeth,none
Mp3 Editor_251022061746.mp3,Series,Not Available,الملخص شرح كتاب التوحيد,كتاب التوحيد,الثاني عشر,صالح الفوزان,جامع الورود,حسن بن محمد منصور الدغريري,٢٧ / ٤ / ١٤٤٧,22.10.2025,18:26,Aqeedah,none
Not Available,Series,Not Available,تأسيس الأحكام شرح عمدة الأحكام,كتاب الصيام :( من كتاب تأسيس الأحكام على ما صح من خير الأنام بشرح عمدة الأحكام ),Not Available,أحمد بن يحيى النجمي,جامع الورود,حسن بن محمد منصور الدغريري,29 رجب 1437 ه,23.10.2025,Not Available,Hadeeth,Serial number not found
Not Available,Series,Not Available,تأسيس الأحكام شرح عمدة الأحكام,كتاب الصيام :( من كتاب تأسيس الأحكام على ما صح من خير الأنام بشرح عمدة الأحكام ),Not Available,أحمد بن يحيى النجمي,جامع الورود,حسن بن محمد منصور الدغريري,Not Available,23.10.2025,Not Available,Hadeeth,Serial number not found; Arabic date not found
Not Available,Series,Not Available,تأسيس الأحكام شرح عمدة الأحكام,كتاب الصيام :( من كتاب تأسيس الأحكام على ما صح من خير الأنام بشرح عمدة الأحكام ),Not Available,أحمد بن يحيى النجمي,جامع الورود,حسن بن محمد منصور الدغريري,Not Available,23.10.2025,Not Available,Hadeeth,Serial number not found; Arabic date not found
Not Available,Series,Not Available,تأسيس الأحكام شرح عمدة الأحكام,كتاب الصيام :( من كتاب تأسيس الأحكام على ما صح من خير الأنام بشرح عمدة الأحكام ),Not Available,أحمد بن يحيى النجمي,جامع الورود,حسن بن محمد منصور الدغريري,Not Available,23.10.2025,Not Available,Hadeeth,Serial number not found; Arabic date not found
Not Available,Series,Not Available,تأسيس الأحكام شرح عمدة الأحكام,كتاب الصيام : ( من كتاب تأسيس الأحكام على ما صح من خير الأنام بشرح عمدة الأحكام ),Not Available,أحمد بن يحيى النجمي,جامع الورود,حسن بن محمد منصور الدغريري,Not Available,23.10.2025,Not Available,Hadeeth,Serial number not found; Arabic date not found
Not Available,Series,Not Available,تأسيس الأحكام شرح عمدة الأحكام,كتاب الصيام : ( من كتاب تأسيس الأحكام على ما صح من خير الأنام بشرح عمدة الأحكام ),Not Available,أحمد بن يحيى النجمي,جامع الورود,حسن بن محمد منصور الدغريري,Not Available,23.10.2025,Not Available,Hadeeth,Serial number not found; Arabic date not found
Not Available,Series,Not Available,تأسيس الأحكام شرح عمدة الأحكام,كتاب الصيام : ( من كتاب تأسيس الأحكام على ما صح من خير الأنام بشرح عمدة الأحكام ),Not Available,أحمد بن يحيى النجمي,جامع الورود,حسن بن محمد منصور الدغريري,29 رجب 1437 ه,23.10.2025,Not Available,Hadeeth,Serial number not found
Not Available,Series,Not Available,تأسيس الأحكام شرح عمدة الأحكام,كتاب الطهارة,Not Available,أحمد بن يحيى النجمي,جامع الورود,حسن بن محمد منصور الدغريري,Not Available,23.10.2025,Not Available,Hadeeth,Serial number not found; Arabic date not found
Not Available,Series,Not Available,تأسيس الأحكام شرح عمدة الأحكام,كتاب ( تأسيس الأحكام على ما صح من خير الأنام بشرح عمدة الأحكام ),Not Available,أحمد بن يحيى النجمي,جامع الورود,حسن بن محمد منصور الدغريري,20 شوال 1437 ه,23.10.2025,Not Available,Hadeeth,Serial number not found
Not Available,Series,Not Available,تأسيس الأحكام شرح عمدة الأحكام,كتاب الطهارة : من كتاب تأسيس الأحكام على ما صح من خير الأنام بشرح عمدة الأحكام.,Not Available,أحمد بن يحيى النجمي,جامع الورود,حسن بن محمد منصور الدغريري,05 ذوالقعدة 1437 ه,23.10.2025,Not Available,Hadeeth,Type unclear - defaulted to Series; Serial number not found
Not Available,Series,Not Available,تأسيس الأحكام شرح عمدة الأحكام,كتاب ( تأسيس الأحكام على ما صح من خير الأنام بشرح عمدة الأحكام ),Not Available,أحمد بن يحيى النجمي,جامع الورود,حسن بن محمد منصور الدغريري,Not Available,23.10.2025,Not Available,Hadeeth,Serial number not found; Arabic date not found
Not Available,Series,Not Available,تأسيس الأحكام شرح عمدة الأحكام,كتاب الطهارة,Not Available,أحمد بن يحيى النجمي,جامع الورود,حسن بن محمد منصور الدغريري,Not Available,23.10.2025,Not Available,Hadeeth,Serial number not found; Arabic date not found
Not Available,Series,Not Available,تأسيس الأحكام شرح عمدة الأحكام,Not Available,Not Available,أحمد بن يحيى النجمي,جامع الورود,حسن بن محمد منصور الدغريري,Not Available,23.10.2025,Not Available,Hadeeth,Serial number not found; Arabic date not found
Not Available,Series,Not Available,تأسيس الأحكام شرح عمدة الأحكام,Not Available,025,أحمد بن يحيى النجمي,جامع الورود,حسن بن محمد منصور الدغريري,Not Available,23.10.2025,Not Available,Hadeeth,Arabic date not found
Not Available,Series,Not Available,تأسيس الأحكام شرح عمدة الأحكام,Not Available,026,أحمد بن يحيى النجمي,جامع الورود,حسن بن محمد منصور الدغريري,Not Available,23.10.2025,Not Available,Hadeeth,Arabic date not found
Not Available,Series,Not Available,تأسيس الأحكام شرح عمدة الأحكام,Not Available,027,أحمد بن يحيى النجمي,جامع الورود,حسن بن محمد منصور الدغريري,Not Available,23.10.2025,Not Available,Hadeeth,Arabic date not found
Not Available,Series,Not Available,تأسيس الأحكام شرح عمدة الأحكام,Not Available,Not Available,أحمد بن يحيى النجمي,جامع الورود,حسن بن محمد منصور الدغريري,Not Available,23.10.2025,Not Available,Hadeeth,Serial number not found; Arabic date not found
Not Available,Series,Not Available,تأسيس الأحكام شرح عمدة الأحكام,كتاب الصيام : ( من كتاب تأسيس الأحكام على ما صح من خير الأنام بشرح عمدة الأحكام ),Not Available,أحمد بن يحيى النجمي,جامع الورود,حسن بن محمد منصور الدغريري,29 رجب 1437 ه,23.10.2025,Not Available,Hadeeth,Serial number not found
التعليق_على_كتاب_﴿تأسيس_الأحكام_على_ما_صح_من_خير_الأنام_بشرح_عمدة.mp3,Series,Not Available,Not Available,كتاب ﴿,Not Available,Not Available,جامع الورود,حسن بن محمد منصور الدغريري,Not Available,23.10.2025,38:42,Other,Type unclear - defaulted to Series; Series name not clearly identified; Serial number not found; Original author not found; Arabic date not found
التعليق_على_كتاب_﴿تأسيس_الأحكام_على_ما_صح_من_خير_الأنام_بشرح_عمدة.mp3,Series,Not Available,Not Available,كتاب ﴿,Not Available,Not Available,جامع الورود,حسن بن محمد منصور الدغريري,Not Available,23.10.2025,22:36,Other,Type unclear - defaulted to Series; Series name not clearly identified; Serial number not found; Original author not found; Arabic date not found
التعليق_على_تأسيس_الأحكام_على_ما_صح_من_خير_الأنام_بشرح_zos88VZk4dU.m4a,Series,Not Available,Not Available,كتاب ﴿,Not Available,Not Available,جامع الورود,حسن بن محمد منصور الدغريري,Not Available,23.10.2025,27:12,Other,Type unclear - defaulted to Series; Series name not clearly identified; Serial number not found; Original author not found; Arabic date not found
التعليق_على_كتاب_﴿تأسيس_الأحكام_على_ما_صح_من_خير_الأنام_بشرح_عمدة.mp3,Series,Not Available,Not Available,كتاب ﴿,Not Available,Not Available,جامع الورود,حسن بن محمد منصور الدغريري,Not Available,23.10.2025,45:14,Other,Type unclear - defaulted to Series; Series name not clearly identified; Serial number not found; Original author not found; Arabic date not found
التعليق_على_كتاب_﴿تأسيس_الأحكام_على_ما_صح_من_خير_الأنام_بشرح_عمدة.mp3,Series,Not Available,Not Available,كتاب ﴿,Not Available,Not Available,جامع الورود,حسن بن محمد منصور الدغريري,Not Available,23.10.2025,26:21,Other,Type unclear - defaulted to Series; Series name not clearly identified; Serial number not found; Original author not found; Arabic date not found
التعليق_على_كتاب_تأسيس_الأحكام_على_ما_صح_من_خير_الأنام_بشرح_عمدة.mp3,Series,Not Available,Not Available,كتاب ﴿,Not Available,Not Available,جامع الورود,حسن بن محمد منصور الدغريري,Not Available,23.10.2025,26:21,Other,Type unclear - defaulted to Series; Series name not clearly identified; Serial number not found; Original author not found; Arabic date not found
التعليق_على_كتاب_تأسيس_الأحكام_على_ما_صح_من_خير_الأنام_بشرح_عمدة.mp3,Series,Not Available,Not Available,كتاب ﴿,Not Available,Not Available,جامع الورود,حسن بن محمد منصور الدغريري,Not Available,23.10.2025,27:47,Other,Type unclear - defaulted to Series; Series name not clearly identified; Serial number not found; Original author not found; Arabic date not found
التعليق_على_كتاب_تأسيس_الأحكام_على_ما_صح_من_خير_الأنام_بشرح_عمدة.mp3,Series,Not Available,Not Available,كتاب ﴿,Not Available,Not Available,جامع الورود,حسن بن محمد منصور الدغريري,Not Available,23.10.2025,29:10,Other,Type unclear - defaulted to Series; Series name not clearly identified; Serial number not found; Original author not found; Arabic date not found
التعليق_على_كتاب_تأسيس_الأحكام_على_ما_صح_من_خير_الأنام_بشرح_عمدة.mp3,Series,Not Available,Not Available,كتاب ﴿,Not Available,Not Available,جامع الورود,حسن بن محمد منصور الدغريري,Not Available,23.10.2025,33:18,Other,Type unclear - defaulted to Series; Series name not clearly identified; Serial number not found; Original author not found; Arabic date not found
Mp3 Editor_251026012445.mp3,Series,Not Available,شرح السنة,Not Available,الخامس,أحمد النجمي,جامع الورود,حسن بن محمد منصور الدغريري,٢٦ / ٤ / ١٤٤٧,26.10.2025,1:08,Aqeedah,none
Mp3 Editor_251026014231.mp3,Series,Not Available,Not Available,Not Available,الأول,أحمد النجمي,جامع الورود,حسن بن محمد منصور الدغريري,٢٦ / ٤ / ١٤٤٧,26.10.2025,48:16,Other,Series name not clearly identified
Mp3 Editor_251026014901.mp3,Series,Not Available,التفسير الميسر,"سورة عبس ""٢""",السابع,نخبة من أهل العلم,جامع الورود,حسن بن محمد منصور الدغريري,٢٦ / ٤ / ١٤٤٧,26.10.2025,05:47,Other,none
Mp3 Editor_251026020733.mp3,Series,Not Available,شرح السنة,Not Available,الأول,أحمد النجمي,جامع الورود,حسن بن محمد منصور الدغريري,٢١ / ٣ / ١٤٤٧,26.10.2025,51:42,Aqeedah,none
Mp3 Editor_251026021742.mp3,Series,Not Available,الملخص الفقهي,Not Available,الثاني عشر,صالح الفوزان,جامع الورود,حسن بن محمد منصور الدغريري,٢٨ / ٤ / ١٤٤٧,26.10.2025,11:02,Fiqh,none
Mp3 Editor_251026022439.mp3,Series,Not Available,الملخص شرح كتاب التوحيد,كتاب التوحيد,الثالث عشر,صالح الفوزان,جامع الورود,حسن بن محمد منصور الدغريري,Not Available,26.10.2025,09:45,Aqeedah,Arabic date not found
AUD-20251026-WA0007.m4a,Series,Not Available,الأفنان الندية,كتاب البيوع,الثامن عشر,زيد بن هادي المدخلي,Online,حسن بن محمد منصور الدغريري,Not Available,26.10.2025,09:33,Fiqh,Arabic date not found
AUD-20251021-WA0054.m4a,Series,Not Available,منظومة سلم الوصول,Not Available,الثامن,حافظ حكمي,Online,حسن بن محمد منصور الدغريري,Not Available,26.10.2025,38:24,Aqeedah,Arabic date not found
Mp3 Editor_251026023758.mp3,Series,Not Available,الملخص الفقهي,Not Available,الثالث عشر,صالح الفوزان,جامع الورود,حسن بن محمد منصور الدغريري,٣٠ / ٤ / ١٤٤٧,26.10.2025,10:56,Fiqh,none
AUD-20251022-WA0024.m4a,Series,Not Available,تأسيس الأحكام شرح عمدة الأحكام,كتاب النكاح: باب الصداق .,السابع,أحمد بن يحيى النجمي,Online,حسن بن محمد منصور الدغريري,Not Available,26.10.2025,20:30,Hadeeth,Arabic date not found
AUD-20251026-WA0003.m4a,Khutba,وقفات مع السيرة النبوية(٣),Not Available,Not Available,Not Available,Not Available,جامع الورود,حسن بن محمد منصور الدغريري,الجمعة ٥/ ٢ / ١٤٤٧,26.10.2025,10:45,Other,none
AUD-20251021-WA0026.m4a,Series,Not Available,الأفنان الندية,كتاب البيوع,التاسع عشر,زيد بن هادي المدخلي,Online,حسن بن محمد منصور الدغريري,Not Available,26.10.2025,17:12,Fiqh,Arabic date not found
AUD-20251021-WA0036.m4a,Series,Not Available,الأفنان الندية,كتاب البيوع,العشرون,زيد بن هادي المدخلي,Online,حسن بن محمد منصور الدغريري,Not Available,26.10.2025,18:56,Fiqh,Arabic date not found
Mp3 Editor_251026070944.mp3,Series,Not Available,التفسير الميسر,"سورة التكوير ""١""",الثامن,نخبة من أهل العلم,جامع الورود,حسن بن محمد منصور الدغريري,٣ / ٥ / ١٤٤٧,26.10.2025,09:55,Other,none
Mp3 Editor_251026073039.mp3,Series,Not Available,Not Available,Not Available,الثاني,أحمد النجمي,جامع الورود,حسن بن محمد منصور الدغريري,٣ / ٥ / ١٤٤٧,26.10.2025,1:08,Other,Series name not clearly identified
Mp3 Editor_251026073911.mp3,Series,Not Available,شرح السنة,Not Available,السادس,أحمد النجمي,جامع الورود,حسن بن محمد منصور الدغريري,٣ / ٥ / ١٤٤٧,26.10.2025,1:03,Aqeedah,none
AUD-20251028-WA0003.m4a,Series,Not Available,منظومة سلم الوصول,Not Available,التاسع,حافظ حكمي,Online,حسن بن محمد منصور الدغريري,Not Available,29.10.2025,20:27,Aqeedah,Arabic date not found
AUD-20251029-WA0000.m4a,Series,Not Available,الأفنان الندية,كتاب البيوع,الواحد والعشرون,زيد بن هادي المدخلي,Online,حسن بن محمد منصور الدغريري,Not Available,29.10.2025,25:02,Fiqh,Arabic date not found
AUD-20251029-WA0002.m4a,Series,Not Available,الملخص شرح كتاب التوحيد,كتاب التوحيد,الرابع عشر,صالح الفوزان,جامع الورود,حسن بن محمد منصور الدغريري,٤ / ٥ / ١٤٤٧,29.10.2025,16:22,Aqeedah,none
AUD-20251029-WA0004.m4a,Series,Not Available,الملخص الفقهي,Not Available,الرابع عشر,صالح الفوزان,جامع الورود,حسن بن محمد منصور الدغريري,٥ / ٥ / ١٤٤٧,29.10.2025,05:56,Fiqh,none
Not Available,Series,Not Available,Not Available,Not Available,Not Available,Not Available,جامع الورود,حسن بن محمد منصور الدغريري,Not Available,29.10.2025,Not Available,Other,Type unclear - defaulted to Series; Series name not clearly identified; Serial number not found; Original author not found; Arabic date not found
Ringtone_AUD-20251029-WA0006.mp3,Series,Not Available,الملخص شرح كتاب التوحيد,كتاب التوحيد,الخامس عشر,صالح الفوزان,جامع الورود,حسن بن محمد منصور الدغريري,٦ / ٥ / ١٤٤٧,29.10.2025,07:22,Aqeedah,none
AUD-20251104-WA0000.m4a,Series,Not Available,الملخص الفقهي,Not Available,الخامس عشر,صالح الفوزان,جامع الورود,حسن بن محمد منصور الدغريري,٧ / ٥ / ١٤٤٧,04.11.2025,15:18,Fiqh,none
Not Available,Series,Not Available,Not Available,Not Available,Not Available,Not Available,جامع الورود,حسن بن محمد منصور الدغريري,Not Available,18.11.2025,Not Available,Other,Type unclear - defaulted to Series; Series name not clearly identified; Serial number not found; Original author not found; Arabic date not found
Mp3 Editor_251127124005.mp3,Series,Not Available,الملخص شرح كتاب التوحيد,كتاب التوحيد,السادس عشر,صالح الفوزان,جامع الورود,حسن بن محمد منصور الدغريري,١١ / ٥ / ١٤٤٧,27.11.2025,09:15,Aqeedah,none
Mp3 Editor_251127124529.mp3,Series,Not Available,تأسيس الأحكام شرح عمدة الأحكام,Not Available,السادس,أحمد النجمي,جامع الورود,حسن بن محمد منصور الدغريري,١١ / ٥ / ١٤٤٧,27.11.2025,42:40,Hadeeth,none
AUD-20251127-WA0003.m4a,Series,Not Available,الأفنان الندية,كتاب البيوع,الثاني والعشرون,زيد بن هادي المدخلي,Online,حسن بن محمد منصور الدغريري,Not Available,27.11.2025,12:14,Fiqh,Arabic date not found
Mp3 Editor_251127133423.mp3,Series,Not Available,الملخص الفقهي,Not Available,السادس عشر,صالح الفوزان,جامع الورود,حسن بن محمد منصور الدغريري,١٢ / ٥ / ١٤٤٧,27.11.2025,12:43,Fiqh,none
Mp3 Editor_251127133948.mp3,Series,Not Available,تأسيس الأحكام شرح عمدة الأحكام,Not Available,السابع,أحمد النجمي,جامع الورود,حسن بن محمد منصور الدغريري,١٢ / ٥ / ١٤٤٧,27.11.2025,43:57,Hadeeth,none
Not Available,Khutba,Not Available,Not Available,Not Available,Not Available,Not Available,جامع الورود,حسن بن محمد منصور الدغريري,Not Available,28.11.2025,Not Available,Fiqh,Topic not clearly identified; Arabic date not found
AUDIO-2025-11-28-23-15-18.m4a,Khutba,السيرة النبوية (٦),Not Available,Not Available,Not Available,Not Available,جامع الورود,حسن بن محمد منصور الدغريري,٧ / ٦ / ١٤٤٧هـ,28.11.2025,12:16,Other,none
AUD-20251129-WA0010.m4a,Series,Not Available,الأفنان الندية,كتاب البيوع,الثالث والعشرون,زيد بن هادي المدخلي,Online,حسن بن محمد منصور الدغريري,Not Available,30.11.2025,26:07,Fiqh,Arabic date not found
Mp3 Editor_251129224717.mp3,Series,Not Available,تأسيس الأحكام شرح عمدة الأحكام,Not Available,الثامن,أحمد النجمي,جامع الورود,حسن بن محمد منصور الدغريري,١٨ / ٥ / ١٤٤٧,30.11.2025,55:43,Hadeeth,none
Mp3 Editor_251129225126.mp3,Series,Not Available,الملخص شرح كتاب التوحيد,كتاب التوحيد,السابع عشر,صالح الفوزان,جامع الورود,حسن بن محمد منصور الدغريري,١٨ / ٥ / ١٤٤٧,30.11.2025,10:17,Aqeedah,none
Mp3 Editor_251129225724.mp3,Series,Not Available,شرح السنة,Not Available,السابع,أحمد النجمي,جامع الورود,حسن بن محمد منصور الدغريري,١٧ / ٥ / ١٤٤٧,30.11.2025,58:20,Aqeedah,none
AUD-20251129-WA0017.m4a,Series,Not Available,Not Available,Not Available,الأول,Not Available,جامع الورود,حسن بن محمد منصور الدغريري,١٧ / ٥ / ١٤٤٧,30.11.2025,42:51,Other,Series name not clearly identified; Original author not found
Mp3 Editor_251129231102.mp3,Series,Not Available,التفسير الميسر,"سورة التكوير ""٢""",التاسع,نخبة من أهل العلم,جامع الورود,حسن بن محمد منصور الدغريري,Not Available,30.11.2025,06:05,Other,Arabic date not found
AUD-20251130-WA0012.m4a,Series,Not Available,التفسير الميسر,"سورة المطففين ""١""",الحادي عشر,نخبة من أهل العلم,جامع الورود,حسن بن محمد منصور الدغريري,Not Available,30.11.2025,05:35,Other,Arabic date not found
Mp3 Editor_251201223831.mp3,Series,Not Available,الملخص شرح كتاب التوحيد,كتاب التوحيد,الثامن عشر,صالح الفوزان,جامع الورود,حسن بن محمد منصور الدغريري,٢٠ / ٥ / ١٤٤٧,02.12.2025,10:46,Aqeedah,none
Mp3 Editor_251201224432.mp3,Series,Not Available,الملخص الفقهي,Not Available,الثامن عشر,صالح الفوزان,جامع الورود,حسن بن محمد منصور الدغريري,٢١ / ٥ / ١٤٤٧,02.12.2025,11:25,Fiqh,none
AUD-20251201-WA0005.mp3,Series,Not Available,Not Available,Not Available,Not Available,Not Available,جامع الورود,حسن بن محمد منصور الدغريري,٢٢ / ٥ / ١٤٤٧هـ,02.12.2025,08:17,Other,Type unclear - defaulted to Series; Series name not clearly identified; Serial number not found; Original author not found
Mp3 Editor_251202153513.mp3,Series,Not Available,تأسيس الأحكام شرح عمدة الأحكام,Not Available,التاسع ونهاية الجزء الأول,أحمد النجمي,جامع الورود,حسن بن محمد منصور الدغريري,٢٥ / ٥ / ١٤٤٧,02.12.2025,55:49,Hadeeth,none
AUD-20251202-WA0001.m4a,Series,Not Available,Not Available,Not Available,الثاني,Not Available,جامع الورود,حسن بن محمد منصور الدغريري,٢٤ / ٥ / ١٤٤٧,02.12.2025,34:17,Other,Series name not clearly identified; Original author not found
AUD-20251202-WA0002.m4a,Series,Not Available,Not Available,Not Available,الثالث,Not Available,جامع الورود,حسن بن محمد منصور الدغريري,٨ / ٦ / ١٤٤٧,02.12.2025,59:22,Other,Series name not clearly identified; Original author not found
Mp3 Editor_251202160312.mp3,Series,Not Available,الملخص شرح كتاب التوحيد,كتاب التوحيد,التاسع عشر,صالح الفوزان,جامع الورود,حسن بن محمد منصور الدغريري,٢٥ / ٥ / ١٤٤٧,02.12.2025,06:58,Aqeedah,none
Mp3 Editor_251202160725.mp3,Series,Not Available,شرح السنة,Not Available,الثامن,أحمد النجمي,جامع الورود,حسن بن محمد منصور الدغريري,٢٤ / ٥ / ١٤٤٧,02.12.2025,52:58,Aqeedah,none
Mp3 Editor_251202161629.mp3,Series,Not Available,Not Available,Not Available,الرابع,أحمد النجمي,جامع الورود,حسن بن محمد منصور الدغريري,٢٤ / ٥ / ١٤٤٧,02.12.2025,1:03,Other,Series name not clearly identified
AUD-20251202-WA0007.m4a,Series,Not Available,الأفنان الندية,كتاب البيوع,السادس والعشرون,زيد بن هادي المدخلي,Online,حسن بن محمد منصور الدغريري,Not Available,02.12.2025,24:15,Fiqh,Arabic date not found
Mp3 Editor_251202163202.mp3,Series,Not Available,التفسير الميسر,سورة الانفطار,العاشر,نخبة من أهل العلم,جامع الورود,حسن بن محمد منصور الدغريري,Not Available,02.12.2025,05:47,Other,Arabic date not found
Ringtone_AUD-20251207-WA0004.mp3,Khutba,أهمية النزاهة والأمانة، ومكافحة الفساد المالي,Not Available,Not Available,Not Available,Not Available,جامع الورود,حسن بن محمد منصور الدغريري,1447/6/14هـ,08.12.2025,10:07,Other,none
AUD-20251208-WA0001.m4a,Series,Not Available,Not Available,Not Available,الرابع,Not Available,جامع الورود,حسن بن محمد منصور الدغريري,١٦ / ٦ / ١٤٤٧,08.12.2025,32:50,Other,Series name not clearly identified; Original author not found
AUD-20251208-WA0004.m4a,Series,Not Available,Not Available,Not Available,الخامس,أحمد النجمي,جامع الورود,حسن بن محمد منصور الدغريري,٨ / ٦ / ١٤٤٧,08.12.2025,34:44,Other,Series name not clearly identified
AUD-20251208-WA0005.m4a,Series,Not Available,Not Available,Not Available,السادس,أحمد النجمي,جامع الورود,حسن بن محمد منصور الدغريري,١٦ / ٦ / ١٤٤٧,08.12.2025,56:16,Other,Series name not clearly identified
AUD-20251208-WA0006.m4a,Series,Not Available,الملخص شرح كتاب التوحيد,كتاب التوحيد,العشرون,صالح الفوزان,جامع الورود,حسن بن محمد منصور الدغريري,٢٥ / ٥ / ١٤٤٧,08.12.2025,08:14,Aqeedah,none
AUD-20251204-WA0005.m4a,Series,Not Available,الأفنان الندية,كتاب البيوع,السابع والعشرون,زيد بن هادي المدخلي,Online,حسن بن محمد منصور الدغريري,Not Available,08.12.2025,16:12,Fiqh,Arabic date not found
Mp3 Editor_251208205847.mp3,Series,Not Available,تأسيس الأحكام شرح عمدة الأحكام,كتاب الصلاة بجامع الورود,الثاني من كتاب الصلاة,أحمد النجمي,جامع الورود,حسن بن محمد منصور الدغريري,٩ / ٦ / ١٤٤٧,08.12.2025,42:51,Hadeeth,none
Mp3 Editor_251208210432.mp3,Series,Not Available,تأسيس الأحكام شرح عمدة الأحكام,كتاب الصلاة بجامع الورود,الثالث من كتاب الصلاة,أحمد النجمي,جامع الورود,حسن بن محمد منصور الدغريري,١٠ / ٦ / ١٤٤٧,08.12.2025,33:27,Hadeeth,none
Mp3 Editor_251208211500 (1).mp3,Series,Not Available,الملخص الفقهي,Not Available,العشرون,صالح الفوزان,جامع الورود,حسن بن محمد منصور الدغريري,٢٨ / ٥ / ١٤٤٧,08.12.2025,12:09,Fiqh,none
Mp3 Editor_251208214714.mp3,Series,Not Available,شرح السنة,Not Available,التاسع,أحمد النجمي,جامع الورود,حسن بن محمد منصور الدغريري,٨ / ٦ / ١٤٤٧,08.12.2025,43:47,Aqeedah,none
AUD-20251208-WA0009.m4a,Series,Not Available,الملخص شرح كتاب التوحيد,كتاب التوحيد,الواحد والعشرون,صالح الفوزان,جامع الورود,حسن بن محمد منصور الدغريري,١١ / ٦ / ١٤٤٧,09.12.2025,11:28,Aqeedah,none
AUD-20251208-WA0010.m4a,Series,Not Available,الملخص شرح كتاب التوحيد,كتاب التوحيد,الثاني والعشرون,صالح الفوزان,جامع الورود,حسن بن محمد منصور الدغريري,Not Available,09.12.2025,13:54,Aqeedah,Arabic date not found
AUD-20251208-WA0008.m4a,Series,Not Available,منظومة سلم الوصول,Not Available,الثالث عشر,حافظ حكمي,Online,حسن بن محمد منصور الدغريري,Not Available,09.12.2025,28:36,Aqeedah,Arabic date not found
Mp3 Editor_251208225109.mp3,Series,Not Available,الملخص الفقهي,Not Available,الواحد والعشرون,صالح الفوزان,جامع الورود,حسن بن محمد منصور الدغريري,١٠ / ٦ / ١٤٤٧,09.12.2025,12:00,Fiqh,none
Mp3 Editor_251208230041.mp3,Series,Not Available,الملخص الفقهي,Not Available,الثاني والعشرون,صالح الفوزان,جامع الورود,حسن بن محمد منصور الدغريري,١١ / ٦ / ١٤٤٧,09.12.2025,22:07,Fiqh,none
AUD-20251208-WA0011.m4a,Series,Not Available,تأسيس الأحكام شرح عمدة الأحكام,كتاب الطلاق: باب العدة .,الثامن,أحمد بن يحيى النجمي,Online,حسن بن محمد منصور الدغريري,Not Available,09.12.2025,25:14,Hadeeth,Arabic date not found
AUD-20251209-WA0004.m4a,Series,Not Available,التفسير الميسر,"سورة المطففين ""٢""",الثاني عشر,نخبة من أهل العلم,جامع الورود,حسن بن محمد منصور الدغريري,Not Available,09.12.2025,04:48,Other,Arabic date not found
AUD-20251111-WA0001.m4a,Series,Not Available,Not Available,Not Available,الثالث,أحمد النجمي,جامع الورود,حسن بن محمد منصور الدغريري,١٧ / ٥ / ١٤٤٧,09.12.2025,41:24,Other,Series name not clearly identified
AUD-20251209-WA0005.m4a,Series,Not Available,شرح السنة,Not Available,العاشر,أحمد النجمي,جامع الورود,حسن بن محمد منصور الدغريري,١٦ / ٦ / ١٤٤٧,09.12.2025,46:25,Aqeedah,none
AUD-20251211-WA0003.m4a,Series,Not Available,الملخص الفقهي,Not Available,السابع عشر,صالح الفوزان,جامع الورود,حسن بن محمد منصور الدغريري,١٤ / ٥ / ١٤٤٧,11.12.2025,12:52,Fiqh,none
AUD-20251211-WA0007.m4a,Series,Not Available,الملخص الفقهي,Not Available,التاسع عشر,صالح الفوزان,جامع الورود,حسن بن محمد منصور الدغريري,٢٦ / ٥ / ١٤٤٧,11.12.2025,13:20,Fiqh,none
Ringtone_AUD-20251211-WA0008.mp3,Series,Not Available,الملخص الفقهي,كتاب الصلاة ( ١ ),الثالث والعشرون,صالح الفوزان,جامع الورود,حسن بن محمد منصور الدغريري,١٧ / ٦ / ١٤٤٧,11.12.2025,09:07,Fiqh,none
AUD-20251212-WA0000.m4a,Series,Not Available,الملخص شرح كتاب التوحيد,كتاب التوحيد,الخامس والعشرون,صالح الفوزان,جامع الورود,حسن بن محمد منصور الدغريري,Not Available,12.12.2025,17:02,Aqeedah,Arabic date not found
AUD-20251213-WA0001.m4a,Series,Not Available,تأسيس الأحكام شرح عمدة الأحكام,كتاب الصلاة بجامع الورود,الأول من اول كتاب الصلاة,أحمد النجمي,جامع الورود,حسن بن محمد منصور الدغريري,٢٦ / ٥ / ١٤٤٧,13.12.2025,45:03,Hadeeth,none
AUD-20250901-WA0001.m4a,Series,Not Available,الأفنان الندية,باب الربا,الثامن,زيد بن هادي المدخلي,Online,حسن بن محمد منصور الدغريري,Not Available,13.12.2025,27:52,Fiqh,Arabic date not found
AUD-20251213-WA0002.m4a,Series,Not Available,الأفنان الندية,باب الربا,التاسع,زيد بن هادي المدخلي,Online,حسن بن محمد منصور الدغريري,Not Available,13.12.2025,31:29,Fiqh,Arabic date not found
AUD-20251213-WA0003.m4a,Series,Not Available,الأفنان الندية,باب الربا,الرابع والعشرون,زيد بن هادي المدخلي,Online,حسن بن محمد منصور الدغريري,Not Available,13.12.2025,14:21,Fiqh,Arabic date not found
AUD-20251213-WA0005.m4a,Series,Not Available,الأفنان الندية,باب الربا,الخامس والعشرون,زيد بن هادي المدخلي,Online,حسن بن محمد منصور الدغريري,Not Available,13.12.2025,10:30,Fiqh,Arabic date not found
AUD-20251213-WA0006.m4a,Series,Not Available,الأفنان الندية,باب الربا,الثامن والعشرون,زيد بن هادي المدخلي,Online,حسن بن محمد منصور الدغريري,Not Available,13.12.2025,16:12,Fiqh,Arabic date not found
AUD-20251213-WA0004.m4a,Series,Not Available,الأفنان الندية,باب الهبة والعمرى والركبة,التاسع والعشرون,زيد بن هادي المدخلي,Online,حسن بن محمد منصور الدغريري,Not Available,13.12.2025,41:02,Fiqh,Arabic date not found
AUD-20251213-WA0007.m4a,Series,Not Available,منظومة سلم الوصول,Not Available,الثاني,حافظ حكمي,Online,حسن بن محمد منصور الدغريري,Not Available,13.12.2025,12:50,Aqeedah,Arabic date not found
AUD-20250903-WA0000.m4a,Series,Not Available,منظومة سلم الوصول,Not Available,الثالث,حافظ حكمي,Online,حسن بن محمد منصور الدغريري,Not Available,13.12.2025,11:08,Aqeedah,Arabic date not found
AUD-20251213-WA0008.m4a,Series,Not Available,منظومة سلم الوصول,Not Available,الخامس,حافظ حكمي,Online,حسن بن محمد منصور الدغريري,Not Available,13.12.2025,16:16,Aqeedah,Arabic date not found
AUD-20251213-WA0009.m4a,Series,Not Available,منظومة سلم الوصول,Not Available,العاشر,حافظ حكمي,Online,حسن بن محمد منصور الدغريري,Not Available,13.12.2025,18:14,Aqeedah,Arabic date not found
AUD-20251213-WA0010.m4a,Series,Not Available,منظومة سلم الوصول,Not Available,الرابع عشر,حافظ حكمي,Online,حسن بن محمد منصور الدغريري,Not Available,13.12.2025,26:10,Aqeedah,Arabic date not found
AUD-20251213-WA0011.m4a,Khutba,وقفات مع السيرة النبوية (٤),Not Available,Not Available,Not Available,Not Available,جامع الورود,حسن بن محمد منصور الدغريري,الجمعة ١٦ / ٥ / ١٤٤٧,13.12.2025,10:39,Other,none
AUD-20251213-WA0012.mp3,Khutba,وقفات مع السيرة النبوية (٥),Not Available,Not Available,Not Available,Not Available,جامع الورود,حسن بن محمد منصور الدغريري,الجمعة ٢٣ / ٥ / ١٤٤٧,13.12.2025,09:49,Other,none
AUD-20251213-WA0013.m4a,Khutba,(( عناية الإسلام بالمرأة )),Not Available,Not Available,Not Available,Not Available,جامع الورود,حسن بن محمد منصور الدغريري,الجمعة ٢١ / ٦ / ١٤٤٧,13.12.2025,10:17,Other,none
AUD-20251215-WA0000.m4a,Series,Not Available,التفسير الميسر,سورة الانشقاق,الثالث عشر,نخبة من أهل العلم,جامع الورود,حسن بن محمد منصور الدغريري,Not Available,15.12.2025,09:04,Other,Arabic date not found
AUD-20251215-WA0002.m4a,Series,Not Available,Not Available,Not Available,السابع,أحمد النجمي,جامع الورود,حسن بن محمد منصور الدغريري,٢٢ / ٦ / ١٤٤٧,15.12.2025,39:52,Other,Series name not clearly identified
AUD-20251215-WA0003.m4a,Series,Not Available,Not Available,Not Available,الخامس,Not Available,جامع الورود,حسن بن محمد منصور الدغريري,٢٢ / ٦ / ١٤٤٧,15.12.2025,48:06,Other,Series name not clearly identified; Original author not found
AUD-20251215-WA0004.m4a,Series,Not Available,شرح السنة,Not Available,الحادي عشر,أحمد النجمي,جامع الورود,حسن بن محمد منصور الدغريري,٢٢ / ٦ / ١٤٤٧,18.12.2025,48:15,Aqeedah,none
AUD-20251217-WA0001.m4a,Series,Not Available,الملخص شرح كتاب التوحيد,كتاب التوحيد,السادس والعشرون,صالح الفوزان,جامع الورود,حسن بن محمد منصور الدغريري,Not Available,18.12.2025,14:17,Aqeedah,Arabic date not found
AUD-20251217-WA0002.m4a,Series,Not Available,الملخص الفقهي,كتاب الصلاة ( ٢ ),الرابع والعشرون,صالح الفوزان,جامع الورود,حسن بن محمد منصور الدغريري,١٩ / ٦ / ١٤٤٧,18.12.2025,16:01,Fiqh,none
AUD-20251217-WA0003.m4a,Series,Not Available,الملخص الفقهي,كتاب الصلاة ( ٣ ),الخامس والعشرون,صالح الفوزان,جامع الورود,حسن بن محمد منصور الدغريري,٢٤ / ٦ / ١٤٤٧,18.12.2025,16:37,Fiqh,none
AUD-20251217-WA0005.m4a,Series,Not Available,الأفنان الندية,باب الأرض الموات,الثلاثون,زيد بن هادي المدخلي,Online,حسن بن محمد منصور الدغريري,Not Available,18.12.2025,11:39,Fiqh,Arabic date not found
AUD-20251217-WA0004.m4a,Series,Not Available,الأفنان الندية,باب الأرض الموات,الواحد والثلاثون,زيد بن هادي المدخلي,Online,حسن بن محمد منصور الدغريري,Not Available,18.12.2025,19:41,Fiqh,Arabic date not found
AUD-20251208-WA0007.m4a,Series,Not Available,تأسيس الأحكام شرح عمدة الأحكام,كتاب الصلاة بجامع الورود,الرابع من كتاب الصلاة,أحمد النجمي,جامع الورود,حسن بن محمد منصور الدغريري,١٧ / ٦ / ١٤٤٧,18.12.2025,44:32,Hadeeth,none
AUD-20251218-WA0000.m4a,Series,Not Available,تأسيس الأحكام شرح عمدة الأحكام,كتاب الصلاة بجامع الورود,الخامس من كتاب الصلاة,أحمد النجمي,جامع الورود,حسن بن محمد منصور الدغريري,٢٣ / ٦ / ١٤٤٧,18.12.2025,52:52,Hadeeth,none
Not Available,Series,Not Available,Not Available,Not Available,Not Available,Not Available,جامع الورود,حسن بن محمد منصور الدغريري,Not Available,18.12.2025,Not Available,Other,Type unclear - defaulted to Series; Series name not clearly identified; Serial number not found; Original author not found; Arabic date not found
Not Available,Series,Not Available,Not Available,Not Available,Not Available,Not Available,جامع الورود,حسن بن محمد منصور الدغريري,٢٦ / ٦ / ١٤٤٧,18.12.2025,Not Available,Other,Type unclear - defaulted to Series; Series name not clearly identified; Serial number not found; Original author not found
AUDIO-2025-12-19-17-36-02.m4a,Khutba,وقفات مع السيرة النبوية (٧),Not Available,Not Available,Not Available,Not Available,جامع الورود,حسن بن محمد منصور الدغريري,الجمعة ٢٨ / ٦ / ١٤٤٧,19.12.2025,10:27,Other,none
Not Available,Series,Not Available,تأسيس الأحكام شرح عمدة الأحكام,كتاب التوحيد للإمام محمد بن عبدالوهاب 818871,Not Available,أحمد بن يحيى النجمي,Online,حسن بن محمد منصور الدغريري,Not Available,19.12.2025,Not Available,Hadeeth,Type unclear - defaulted to Series; Serial number not found; Arabic date not found
Not Available,Series,Not Available,منظومة سلم الوصول,Not Available,الخامس عشر,حافظ حكمي,Online,حسن بن محمد منصور الدغريري,٢٦ / ٦ / ١٤٤٧,22.12.2025,Not Available,Aqeedah,none
AUDIO-2025-12-22-07-20-24.m4a,Series,Not Available,تأسيس الأحكام شرح عمدة الأحكام,كتاب اللعان,الاول,أحمد بن يحيى النجمي,Online,حسن بن محمد منصور الدغريري,٢٦ / ٦ / ١٤٤٧,22.12.2025,29:17,Hadeeth,none
AUDIO-2025-12-22-07-20-10.m4a,Series,Not Available,Not Available,كتاب سبل السلام من الفوائد والأحكام,الاول من كتاب الطهارة,أحمد النجمي,جامع الورود,حسن بن محمد منصور الدغريري,٢٩ / ٦ / ١٤٤٧,22.12.2025,47:59,Other,Series name not clearly identified
AUDIO-2025-12-22-07-20-10.m4a,Series,Not Available,Not Available,Not Available,الاول,أحمد النجمي,جامع الورود,حسن بن محمد منصور الدغريري,٢٩ / ٦ / ١٤٤٧,22.12.2025,52:42,Other,Series name not clearly identified
AUDIO-2025-12-22-07-20-10.m4a,Series,Not Available,Not Available,Not Available,الاول,Not Available,جامع الورود,حسن بن محمد منصور الدغريري,٢٩ / ٦ / ١٤٤٧,22.12.2025,43:13,Other,Series name not clearly identified; Original author not found
AUDIO-2025-12-22-14-05-28.m4a,Series,Not Available,التفسير الميسر,سورة البروج,الرابع عشر,نخبة من أهل العلم,جامع الورود,حسن بن محمد منصور الدغريري,٢٩ / ٦ / ١٤٤٧,22.12.2025,22:17,Other,none
AUDIO-2025-12-22-14-05-28.m4a,Series,Not Available,Not Available,Not Available,الثامن,أحمد النجمي,جامع الورود,حسن بن محمد منصور الدغريري,٢٩ / ٦ / ١٤٤٧,22.12.2025,33:42,Other,Series name not clearly identified
AUDIO-2025-12-22-14-05-28.m4a,Series,Not Available,Not Available,Not Available,السادس,Not Available,جامع الورود,حسن بن محمد منصور الدغريري,٢٩ / ٦ / ١٤٤٧,22.12.2025,35:22,Other,Series name not clearly identified; Original author not found
AUDIO-2025-12-22-14-05-29.m4a,Series,Not Available,شرح السنة,Not Available,الثاني عشر,أحمد النجمي,جامع الورود,حسن بن محمد منصور الدغريري,٢٩ / ٦ / ١٤٤٧,22.12.2025,48:06,Aqeedah,none
AUDIO-2025-12-22-14-05-29.m4a,Series,Not Available,الملخص شرح كتاب التوحيد,كتاب التوحيد,الثامن والعشرون,صالح الفوزان,جامع الورود,حسن بن محمد منصور الدغريري,١ /٧ / ١٤٤٧,22.12.2025,12:04,Aqeedah,none
AUDIO-2025-12-22-14-05-29.m4a,Series,Not Available,تأسيس الأحكام شرح عمدة الأحكام,كتاب الصلاة بجامع الورود,السابع من كتاب الصلاة,أحمد النجمي,جامع الورود,حسن بن محمد منصور الدغريري,١ /٧ /١٤٤٧,22.12.2025,42:29,Hadeeth,none
AUDIO-2025-12-22-14-05-29.m4a,Series,Not Available,الأفنان الندية,كتاب البيوع باب الوقف,الواحد والثلاثون,زيد بن هادي المدخلي,Online,حسن بن محمد منصور الدغريري,٢٤ / ٦ / ١٤٤٧,22.12.2025,19:41,Fiqh,none
AUDIO-2025-12-22-14-05-30.m4a,Series,Not Available,الأفنان الندية,كتاب الفرائض,الاول,زيد بن هادي المدخلي,Online,حسن بن محمد منصور الدغريري,١ /٧ /١٤٤٧,22.12.2025,21:26,Fiqh,none
AUDIO-2025-12-22-17-22-12.m4a,Series,Not Available,الملخص شرح كتاب التوحيد,كتاب التوحيد,السابع والعشرون,صالح الفوزان,جامع الورود,حسن بن محمد منصور الدغريري,٦/٢٥/ ١٤٤٧,22.12.2025,19:35,Aqeedah,none
AUDIO-2025-12-22-17-23-19.m4a,Series,Not Available,تأسيس الأحكام شرح عمدة الأحكام,كتاب الصلاة بجامع الورود,السادس من كتاب الصلاة,أحمد النجمي,جامع الورود,حسن بن محمد منصور الدغريري,٢٤ /٦ /١٤٤٧,22.12.2025,50:34,Hadeeth,none
AUDIO-2025-12-22-17-25-03.m4a,Series,Not Available,الملخص الفقهي,كتاب الصلاة ( ٤ ),السادس والعشرون,صالح الفوزان,جامع الورود,حسن بن محمد منصور الدغريري,٢ / ٧/ ١٤٤٧,22.12.2025,10:17,Fiqh,none
AUDIO-2025-12-22-17-31-28.m4a,Series,Not Available,تأسيس الأحكام شرح عمدة الأحكام,كتاب الصلاة بجامع الورود,الثامن من كتاب الصلاة,أحمد النجمي,جامع الورود,حسن بن محمد منصور الدغريري,٢ /٧ /١٤٤٧,22.12.2025,29:39,Hadeeth,none
AUDIO-2025-12-22-21-23-10.m4a,Series,Not Available,الأفنان الندية,كتاب الفرائض باب الوصية,الثاني,زيد بن هادي المدخلي,Online,حسن بن محمد منصور الدغريري,١٤٤٧/٧/٢,22.12.2025,20:31,Fiqh,none
AUDIO-2025-12-24-17-02-41.m4a,Series,Not Available,الملخص الفقهي,كتاب الصلاة (٥ ),السادس والعشرون,صالح الفوزان,جامع الورود,حسن بن محمد منصور الدغريري,٤ / ٧/ ١٤٤٧,24.12.2025,19:29,Fiqh,none
AUDIO-2025-12-24-17-02-49.m4a,Series,Not Available,الملخص شرح كتاب التوحيد,كتاب التوحيد,التاسع والعشرون,صالح الفوزان,جامع الورود,حسن بن محمد منصور الدغريري,٣ / ٧ /١٤٤٧,24.12.2025,08:16,Aqeedah,none
Not Available,Series,Not Available,Not Available,Not Available,Not Available,Not Available,جامع الورود,حسن بن محمد منصور الدغريري,Not Available,24.12.2025,Not Available,Other,Type unclear - defaulted to Series; Series name not clearly identified; Serial number not found; Original author not found; Arabic date not found
Not Available,Series,Not Available,Not Available,Not Available,Not Available,Not Available,جامع الورود,حسن بن محمد منصور الدغريري,Not Available,24.12.2025,Not Available,Other,Type unclear - defaulted to Series; Series name not clearly identified; Serial number not found; Original author not found; Arabic date not found
Not Available,Series,Not Available,Not Available,Not Available,Not Available,Not Available,جامع الورود,حسن بن محمد منصور الدغريري,Not Available,25.12.2025,Not Available,Other,Type unclear - defaulted to Series; Series name not clearly identified; Serial number not found; Original author not found; Arabic date not found
AUDIO-2025-12-25-21-15-03.m4a,Series,Not Available,تأسيس الأحكام شرح عمدة الأحكام,كتاب اللعان,الثاني,أحمد بن يحيى النجمي,Online,حسن بن محمد منصور الدغريري,٤ / ٧ / ١٤٤٧,26.12.2025,21:52,Hadeeth,none
AUDIO-2025-12-26-14-10-13.m4a,Khutba,بدع شهر رجب,Not Available,Not Available,Not Available,Not Available,جامع الورود,حسن بن محمد منصور الدغريري,الجمعة ٦ / ٧ / ١٤٤٧,26.12.2025,09:40,Other,none
AUDIO-2025-12-27-10-21-24.m4a,Series,Not Available,Not Available,Not Available,الثاني,أحمد النجمي,جامع الورود,حسن بن محمد منصور الدغريري,٧ / ٧ / ١٤٤٧,28.12.2025,43:18,Other,Series name not clearly identified
AUDIO-2025-12-27-10-21-24.m4a,Series,Not Available,Not Available,Not Available,الثاني,Not Available,جامع الورود,حسن بن محمد منصور الدغريري,٧ / ٧ / ١٤٤٧,28.12.2025,37:48,Other,Series name not clearly identified; Original author not found
AUDIO-2025-12-27-10-25-24.m4a,Series,Not Available,Not Available,كتاب سبل السلام من الفوائد والأحكام,الثاني من كتاب الطهارة,أحمد النجمي,جامع الورود,حسن بن محمد منصور الدغريري,٧ / ٧ / ١٤٤٧,28.12.2025,1:11,Other,Series name not clearly identified
AUDIO-2025-12-27-19-31-11.m4a,Series,Not Available,التفسير الميسر,سورة الطارق,الخامس عشر,نخبة من أهل العلم,جامع الورود,حسن بن محمد منصور الدغريري,٧ / ٧ / ١٤٤٧,28.12.2025,06:31,Other,none
AUDIO-2025-12-27-19-33-23.m4a,Series,Not Available,Not Available,كتاب التعليقات البهية على الرسائل العقدية) بجامع الورود,Not Available,أحمد النجمي,جامع الورود,حسن بن محمد منصور الدغريري,٧ /٧/ ١٤٤٧,28.12.2025,1:04,Other,Series name not clearly identified; Serial number not found
AUDIO-2025-12-27-19-36-27.m4a,Series,Not Available,Not Available,Not Available,السابع,Not Available,جامع الورود,حسن بن محمد منصور الدغريري,٧ /٧ /١٤٤٧,28.12.2025,26:55,Other,Series name not clearly identified; Original author not found
AUDIO-2025-12-28-07-37-23.m4a,Series,Not Available,شرح السنة,Not Available,الثالث عشر,أحمد النجمي,جامع الورود,حسن بن محمد منصور الدغريري,٧ /٧ /١٤٤٧,28.12.2025,45:08,Aqeedah,none
Not Available,Series,Not Available,Not Available,Not Available,Not Available,Not Available,جامع الورود,حسن بن محمد منصور الدغريري,Not Available,28.12.2025,Not Available,Other,Type unclear - defaulted to Series; Series name not clearly identified; Serial number not found; Original author not found; Arabic date not found
AUDIO-2025-12-28-19-47-31.m4a,Series,Not Available,الملخص شرح كتاب التوحيد,كتاب التوحيد,الثلاثون,صالح الفوزان,جامع الورود,حسن بن محمد منصور الدغريري,٨ /٧/ ١٤٤٧,28.12.2025,09:14,Aqeedah,none
AUDIO-2025-12-28-19-49-38.m4a,Series,Not Available,تأسيس الأحكام شرح عمدة الأحكام,كتاب الصلاة بجامع الورود,التاسع من كتاب الصلاة,أحمد النجمي,جامع الورود,حسن بن محمد منصور الدغريري,٨ /٧ /١٤٤٧,28.12.2025,54:29,Hadeeth,none
AUDIO-2025-12-29-20-19-23.m4a,Series,Not Available,الملخص الفقهي,كتاب الصلاة (٦ ),السابع والعشرون,صالح الفوزان,جامع الورود,حسن بن محمد منصور الدغريري,٩ / ٧/ ١٤٤٧,30.12.2025,10:29,Fiqh,none
AUDIO-2025-12-29-20-23-21.m4a,Series,Not Available,تأسيس الأحكام شرح عمدة الأحكام,كتاب الصلاة بجامع الورود,العاشر من كتاب الصلاة,أحمد النجمي,جامع الورود,حسن بن محمد منصور الدغريري,٩ /٧ /١٤٤٧,30.12.2025,53:49,Hadeeth,none
AUDIO-2025-12-29-22-32-50.m4a,Series,Not Available,الأفنان الندية,كتاب الفرائض باب أنواع الإرث,الثالث,زيد بن هادي المدخلي,Online,حسن بن محمد منصور الدغريري,١٤٤٧/٧/٩,30.12.2025,46:48,Fiqh,none
AUDIO-2025-12-30-18-50-52.m4a,Series,Not Available,الملخص شرح كتاب التوحيد,كتاب التوحيد,Not Available,صالح الفوزان,جامع الورود,حسن بن محمد منصور الدغريري,١٠ /٧/ ١٤٤٧,31.12.2025,11:27,Aqeedah,Serial number not found
AUDIO-2025-12-30-21-23-04.m4a,Series,Not Available,منظومة سلم الوصول,Not Available,السادس عشر,حافظ حكمي,Online,حسن بن محمد منصور الدغريري,١٠ /٧/ ١٤٤٧,31.12.2025,18:49,Aqeedah,none
AUDIO-2025-12-31-17-11-22.m4a,Series,Not Available,الملخص الفقهي,كتاب الصلاة (٧ ),الثامن والعشرون,صالح الفوزان,جامع الورود,حسن بن محمد منصور الدغريري,١١/ ٧/ ١٤٤٧,01.01.2026,19:26,Fiqh,none
AUDIO-2025-12-31-23-27-32.m4a,Series,Not Available,تأسيس الأحكام شرح عمدة الأحكام,كتاب اللعان,الثالث,أحمد بن يحيى النجمي,Online,حسن بن محمد منصور الدغريري,١٤٤٧/٧/١١,01.01.2026,21:03,Hadeeth,none
Not Available,Series,Not Available,Not Available,Not Available,Not Available,Not Available,جامع الورود,حسن بن محمد منصور الدغريري,Not Available,02.01.2026,Not Available,Other,Series name not clearly identified; Serial number not found; Original author not found; Arabic date not found
Not Available,Series,Not Available,Not Available,Not Available,Not Available,Not Available,جامع الورود,حسن بن محمد منصور الدغريري,Not Available,02.01.2026,Not Available,Other,Series name not clearly identified; Serial number not found; Original author not found; Arabic date not found
AUD-20260102-WA0003.mp3,Khutba,وقفات مع السيرة النبوية (٨),Not Available,Not Available,Not Available,Not Available,جامع الورود,حسن بن محمد منصور الدغريري,الجمعة ١٢ / ٧ / ١٤٤٧,02.01.2026,12:27,Other,none
AUD-20260102-WA0002.m4a,Series,Not Available,Not Available,كتاب العلم والإيمان (من حديث ١,Not Available,Not Available,جامع الورود,حسن بن محمد منصور الدغريري,١٣/ ٧/ ١٤٤٧,02.01.2026,1:07,Other,Series name not clearly identified; Serial number not found; Original author not found
AUD-20260103-WA0003.opus,Series,Not Available,Not Available,Not Available,Not Available,Not Available,جامع الورود,حسن بن محمد منصور الدغريري,Not Available,03.01.2026,34:23,Other,Type unclear - defaulted to Series; Series name not clearly identified; Serial number not found; Original author not found; Arabic date not found
AUDIO-2026-01-03-09-52-35.m4a,Series,Not Available,Not Available,Not Available,الثاني,Not Available,جامع الورود,حسن بن محمد منصور الدغريري,١٤/ ٧ / ١٤٤٧,03.01.2026,36:08,Other,Series name not clearly identified; Original author not found
AUDIO-2026-01-03-09-53-46.m4a,Series,Not Available,Not Available,Not Available,الثالث,أحمد النجمي,جامع الورود,حسن بن محمد منصور الدغريري,١٤ /٧ / ١٤٤٧,03.01.2026,44:09,Other,Series name not clearly identified
Subulussalam.m4a,Series,Not Available,Not Available,كتاب سبل السلام من الفوائد والأحكام,الثالث من كتاب الطهارة,أحمد النجمي,جامع الورود,حسن بن محمد منصور الدغريري,١٤ /٧ / ١٤٤٧,03.01.2026,46:17,Other,Series name not clearly identified
AUDIO-2026-01-07-19-05-05.m4a,Series,Not Available,Not Available,Not Available,Not Available,Not Available,جامع الورود,حسن بن محمد منصور الدغريري,١٨ / ٧ / ١٤٤٧,08.01.2026,48:20,Other,Type unclear - defaulted to Series; Series name not clearly identified; Serial number not found; Original author not found
Not Available,Series,Not Available,Not Available,كتاب والسنة ؛ ومن ذلكم ما يلي:,Not Available,Not Available,جامع الورود,حسن بن محمد منصور الدغريري,Not Available,11.01.2026,Not Available,Other,Type unclear - defaulted to Series; Series name not clearly identified; Serial number not found; Original author not found; Arabic date not found
Not Available,Series,Not Available,Not Available,كتاب الله ، وسنة نبيه صلى الله عليه وسلم ؛ وما كان عليه سلفنا الصالحين ؛ أوردت بعضها دلالةً على غيرها ؛ وأسأل الله أن يعظّم الإيمان في قلوبنا ، ومنهج أهل السنة والجماعة في أفعالنا ، اللهم اجعلنا من الدعاة إليك بعلمٍ واخلاصٍ وحكمة ؛ ولا تزغ قلوبنا عن الحق بعد إذ هديتنا إليه ؛ اللهم اجعل خير أعمالنا أواخرها ، وخير أعمارنا خواتمها ؛ وخير أيامنا يوم نلقاك ، وقد رضيت عنا وأرضيتنا .اللهم آمين .,Not Available,Not Available,جامع الورود,حسن بن محمد منصور الدغريري,Not Available,11.01.2026,Not Available,Other,Type unclear - defaulted to Series; Series name not clearly identified; Serial number not found; Original author not found; Arabic date not found
Not Available,Series,Not Available,Not Available,كتاب الله، وسنة رسول الله صلى الله عليه وسلم على فهم السلف الصالح، وأن يأخذ بأقوال العلماء السلفيين الراسخين في العلم والحكمة في جميع مسائل الدين أصوله وفروعه، واجبه ومستحبه، حلاله وحرامه، محكمه ومتشابهه؛ ليسلم من مضلات الفتن، الظاهرة منها والباطنة، مع الإكثار من دعاء الله أن يريه الحق حقا؛ ويرزقه اتباعه، وأن يريه الباطل باطلاً؛ ويرزقه اجتنابه، وألا يجعله ملتبساً عليه فيضل؛ هذا والله أعلم، وصلى الله وسلم على نبينا محمد بن عبد الله وآله، وصحبه، وسلم عليهم تسليماً مزيداً»اهـ,Not Available,Not Available,جامع الورود,حسن بن محمد منصور الدغريري,٢٢ / ٧ / ١٤٤٧,11.01.2026,Not Available,Other,Type unclear - defaulted to Series; Series name not clearly identified; Serial number not found; Original author not found
Not Available,Series,Not Available,Not Available,Not Available,Not Available,أحمد بن يحيى النجمي,جامع الورود,حسن بن محمد منصور الدغريري,Not Available,13.01.2026,Not Available,Other,Type unclear - defaulted to Series; Series name not clearly identified; Serial number not found; Arabic date not found
Not Available,Series,Not Available,Not Available,Not Available,Not Available,Not Available,جامع الورود,حسن بن محمد منصور الدغريري,Not Available,14.01.2026,Not Available,Other,Type unclear - defaulted to Series; Series name not clearly identified; Serial number not found; Original author not found; Arabic date not found
Not Available,Series,Not Available,Not Available,Not Available,Not Available,Not Available,جامع الورود,حسن بن محمد منصور الدغريري,Not Available,14.01.2026,Not Available,Other,Type unclear - defaulted to Series; Series name not clearly identified; Serial number not found; Original author not found; Arabic date not found
كلمة_لابن_عقيل_عن_النجمي_رحمه_الله.mp3,Series,Not Available,Not Available,Not Available,Not Available,Not Available,جامع الورود,حسن بن محمد منصور الدغريري,Not Available,15.01.2026,01:32,Other,Type unclear - defaulted to Series; Series name not clearly identified; Serial number not found; Original author not found; Arabic date not found
AUDIO-2026-01-16-14-51-11.m4a,Khutba,وقفات مع السيرة النبوية (٩),Not Available,Not Available,Not Available,Not Available,جامع الورود,حسن بن محمد منصور الدغريري,الجمعة ٢٧ / ٧ / ١٤٤٧,16.01.2026,12:27,Other,none
Not Available,Series,Not Available,Not Available,باب ونحوها ، وقد قال الله تعالى : ( وَأَنَّ الْمَسَاجِدَ لِلَّهِ فَلَا تَدْعُوا مَعَ اللَّهِ أَحَدًا ) ( الجن : ١٨ ) وقال تعالى : ” وَإِذْ بَوَّأْنَا لِإِبْرَاهِيمَ مَكَانَ الْبَيْتِ أَن لَّا تُشْرِكْ بِي شَيْئًا وَطَهِّرْ بَيْتِيَ لِلطَّائِفِينَ وَالْقَائِمِينَ وَالرُّكَّعِ السُّجُودِ ” ( الحج : ٢٦ ) .,Not Available,Not Available,جامع الورود,حسن بن محمد منصور الدغريري,Not Available,17.01.2026,Not Available,Other,Type unclear - defaulted to Series; Series name not clearly identified; Serial number not found; Original author not found; Arabic date not found
Not Available,Series,Not Available,Not Available,Not Available,Not Available,Not Available,جامع الورود,حسن بن محمد منصور الدغريري,Not Available,17.01.2026,Not Available,Other,Type unclear - defaulted to Series; Series name not clearly identified; Serial number not found; Original author not found; Arabic date not found
AUDIO-2026-01-17-14-52-58.m4a,Series,Not Available,Not Available,كتاب سبل السلام من الفوائد والأحكام,الرابع من كتاب الطهارة,أحمد النجمي,جامع الورود,حسن بن محمد منصور الدغريري,٢٨ /٧ /١٤٤٧,17.01.2026,43:41,Other,Series name not clearly identified
AUDIO-2026-01-17-14-54-56.m4a,Series,Not Available,Not Available,Not Available,الثالث,Not Available,جامع الورود,حسن بن محمد منصور الدغريري,٢٨/ ٧ / ١٤٤٧,17.01.2026,27:14,Other,Series name not clearly identified; Original author not found
AUDIO-2026-01-17-14-56-45.m4a,Series,Not Available,Not Available,Not Available,الرابع,أحمد النجمي,جامع الورود,حسن بن محمد منصور الدغريري,٢٨ /٧ / ١٤٤٧,17.01.2026,37:06,Other,Series name not clearly identified
AUDIO-2026-01-17-19-28-05.m4a,Series,Not Available,شرح السنة,Not Available,الرابع عشر,أحمد النجمي,جامع الورود,حسن بن محمد منصور الدغريري,٢٨ /٧ /١٤٤٧,17.01.2026,45:08,Aqeedah,none
AUDIO-2026-01-17-21-35-58.m4a,Series,Not Available,Not Available,Not Available,الثامن,Not Available,جامع الورود,حسن بن محمد منصور الدغريري,٢٨ /٧ /١٤٤٧,17.01.2026,20:37,Other,Series name not clearly identified; Original author not found
AUDIO-2026-01-17-21-42-37.m4a,Series,Not Available,Not Available,Not Available,Not Available,Not Available,جامع الورود,حسن بن محمد منصور الدغريري,٢٨ /٧ /١٤٤٧,17.01.2026,51:16,Other,Type unclear - defaulted to Series; Series name not clearly identified; Serial number not found; Original author not found
ÇáÔíÎ ÍÓä Èä ãÍãÏ ãäÕæÑ ÏÛÑíÑí – ÝÖá ÇáÚáã æãäÒáÉ Ãåáå,Series,Not Available,Not Available,Not Available,Not Available,Not Available,جامع الورود,حسن بن محمد منصور الدغريري,Not Available,18.01.2026,32:54,Other,Series name not clearly identified; Serial number not found; Original author not found; Arabic date not found
Not Available,Series,Not Available,Not Available,Not Available,Not Available,Not Available,جامع الورود,حسن بن محمد منصور الدغريري,Not Available,18.01.2026,Not Available,Other,Series name not clearly identified; Serial number not found; Original author not found; Arabic date not found
Not Available,Series,Not Available,Not Available,Not Available,Not Available,Not Available,جامع الورود,حسن بن محمد منصور الدغريري,Not Available,18.01.2026,Not Available,Other,Type unclear - defaulted to Series; Series name not clearly identified; Serial number not found; Original author not found; Arabic date not found
AUDIO-2026-01-18-20-40-12.m4a,Series,Not Available,تأسيس الأحكام شرح عمدة الأحكام,كتاب الصلاة بجامع الورود,الحادي عشر من كتاب الصلاة,أحمد النجمي,جامع الورود,حسن بن محمد منصور الدغريري,٢٩ /٧ /١٤٤٧,19.01.2026,32:54,Hadeeth,none
AUDIO-2026-01-18-20-41-26.m4a,Series,Not Available,الملخص شرح كتاب التوحيد,كتاب التوحيد,الثاني والثلاثون,صالح الفوزان,جامع الورود,حسن بن محمد منصور الدغريري,٢٩ /٧/ ١٤٤٧,19.01.2026,13:35,Aqeedah,none
AUDIO-2026-01-18-21-18-16.m4a,Series,Not Available,الأفنان الندية,كتاب الفرائض باب من يرث بالنسب,الرابع,زيد بن هادي المدخلي,Online,حسن بن محمد منصور الدغريري,١٤٤٧/٧/٢٩,19.01.2026,17:21,Fiqh,none
AUDIO-2026-01-19-18-59-34.m4a,Series,Not Available,تأسيس الأحكام شرح عمدة الأحكام,كتاب الصلاة بجامع الورود,الثاني عشر من كتاب الصلاة,أحمد النجمي,جامع الورود,حسن بن محمد منصور الدغريري,٣٠ /٧ /١٤٤٧,19.01.2026,29:30,Hadeeth,none
AUDIO-2026-01-19-18-59-14.m4a,Series,Not Available,الملخص الفقهي,كتاب الصلاة (٨ ),التاسع والعشرون,صالح الفوزان,جامع الورود,حسن بن محمد منصور الدغريري,٣٠/ ٧/ ١٤٤٧,19.01.2026,17:21,Fiqh,none
