SequenceInSeries,SeriesName,Location,DayOfWeek,RecordingDate,TelegramFileName,Type,Topic,SubTopic,Serial,OriginalAuthor,Sheikh,DateInArabic,DateInGreg,ClipLength,Category,MatchedBy,doubtsStatus
1,Unknown,جامع الورود,Friday,2025-10-03,مفاسد المظاهرات.m4a,Khutba,#خطبة_الجمعة,Not Available,Not Available,Not Available,حسن بن محمد منصور الدغريري,Not Available,03.10.2025,14:56,Other,Khutba Detection,none
2,Unknown,جامع الورود,Friday,2025-10-03,Not Available,Khutba,Not Available,Not Available,Not Available,Not Available,حسن بن محمد منصور الدغريري,30 شعبان 1438,03.10.2025,Not Available,Other,Khutba Detection,none
3,Unknown,جامع الورود,Friday,2025-10-03,قناة مجالس العلم النافع – خطر المظاهرات في الإسلام,Unknown,Not Available,Not Available,Not Available,Not Available,حسن بن محمد منصور الدغريري,Not Available,03.10.2025,18:58,Other,Not Matched,"Could not match to schedule (Day: Friday, Location: جامع الورود)"
4,Unknown,جامع الورود,Wednesday,2025-10-08,4_5996911497937164125.mp3,Unknown,Not Available,Not Available,Not Available,Not Available,حسن بن محمد منصور الدغريري,٢٧/  ٠٣/ ١٤٤٧,08.10.2025,08:23,Other,Not Matched,"Could not match to schedule (Day: Wednesday, Location: جامع الورود)"
5,Unknown,جامع الورود,Wednesday,2025-10-08,4_5996911497937164163.mp3,Unknown,Not Available,Not Available,الاول في,Not Available,حسن بن محمد منصور الدغريري,Not Available,08.10.2025,13:02,Other,Not Matched,"Could not match to schedule (Day: Wednesday, Location: جامع الورود)"
6,Unknown,جامع الورود,Thursday,2025-10-09,4_5999163297750849130.mp3,Unknown,Not Available,Not Available,الأول  بجامع,Not Available,حسن بن محمد منصور الدغريري,Not Available,09.10.2025,11:05,Other,Not Matched,"Could not match to schedule (Day: Thursday, Location: جامع الورود)"
7,Unknown,جامع الورود,Thursday,2025-10-09,4_5999163297750849343.mp3,Unknown,Not Available,Not Available,الثاني في,Not Available,حسن بن محمد منصور الدغريري,Not Available,09.10.2025,17:29,Other,Not Matched,"Could not match to schedule (Day: Thursday, Location: جامع الورود)"
8,Unknown,جامع الورود,Friday,2025-10-10,Mp3 Editor_251010051137.mp3,Unknown,Not Available,Not Available,الثاني  بجامع,Not Available,حسن بن محمد منصور الدغريري,Not Available,10.10.2025,10:03,Other,Not Matched,"Could not match to schedule (Day: Friday, Location: جامع الورود)"
9,Unknown,جامع الورود,Friday,2025-10-10,4_5999204516551989829.mp3,Unknown,Not Available,Not Available,الثالث  بجامع,Not Available,حسن بن محمد منصور الدغريري,Not Available,10.10.2025,12:42,Other,Not Matched,"Could not match to schedule (Day: Friday, Location: جامع الورود)"
10,Unknown,جامع الورود,Friday,2025-10-10,Mp3 Editor_251010204311.mp3,Unknown,Not Available,Not Available,الرابع  بجامع,Not Available,حسن بن محمد منصور الدغريري,Not Available,10.10.2025,11:58,Other,Not Matched,"Could not match to schedule (Day: Friday, Location: جامع الورود)"
11,Unknown,جامع الورود,Friday,2025-10-10,Mp3 Editor_251010210714.mp3,Khutba,النعم في السعودية.,Not Available,Not Available,Not Available,حسن بن محمد منصور الدغريري,٤ / ٤ / ١٤٤٧,10.10.2025,07:44,Other,Khutba Detection,none
12,Unknown,جامع الورود,Friday,2025-10-10,Mp3 Editor_251010212128.mp3,Khutba,الرحمة بالمستأجرين.,Not Available,Not Available,Not Available,حسن بن محمد منصور الدغريري,١٨/ ٤ / ١٤٤٧,10.10.2025,09:08,Other,Khutba Detection,none
13,Unknown,جامع الورود,Monday,2025-10-13,Mp3 Editor_251013151759.mp3,Unknown,Not Available,Not Available,الثالث في,Not Available,حسن بن محمد منصور الدغريري,Not Available,13.10.2025,06:40,Other,Not Matched,"Could not match to schedule (Day: Monday, Location: جامع الورود)"
14,Unknown,جامع الورود,Tuesday,2025-10-14,Mp3 Editor_251013230959.mp3,Unknown,Not Available,Not Available,الثاني  بجامع,Not Available,حسن بن محمد منصور الدغريري,Not Available,14.10.2025,58:31,Other,Not Matched,"Could not match to schedule (Day: Tuesday, Location: جامع الورود)"
15,Unknown,جامع الورود,Tuesday,2025-10-14,Mp3 Editor_251013232021.mp3,Unknown,Not Available,Not Available,الثاني  بجامع,Not Available,حسن بن محمد منصور الدغريري,Not Available,14.10.2025,36:30,Other,Not Matched,"Could not match to schedule (Day: Tuesday, Location: جامع الورود)"
16,Unknown,جامع الورود,Tuesday,2025-10-14,Mp3 Editor_251013233847.mp3,Unknown,Not Available,Not Available,الخامس  بجامع,Not Available,حسن بن محمد منصور الدغريري,Not Available,14.10.2025,15:41,Other,Not Matched,"Could not match to schedule (Day: Tuesday, Location: جامع الورود)"
17,Unknown,جامع الورود,Wednesday,2025-10-15,Mp3 Editor_251015085009.mp3,Unknown,Not Available,Not Available,الثالث  بجامع,Not Available,حسن بن محمد منصور الدغريري,Not Available,15.10.2025,42:13,Other,Not Matched,"Could not match to schedule (Day: Wednesday, Location: جامع الورود)"
18,Unknown,جامع الورود,Wednesday,2025-10-15,Mp3 Editor_251015092648.mp3,Unknown,Not Available,Not Available,الرابع في,Not Available,حسن بن محمد منصور الدغريري,Not Available,15.10.2025,12:46,Other,Not Matched,"Could not match to schedule (Day: Wednesday, Location: جامع الورود)"
19,Unknown,جامع الورود,Thursday,2025-10-16,Mp3 Editor_251015222016.mp3,Unknown,Not Available,Not Available,السابع بجامع,Not Available,حسن بن محمد منصور الدغريري,Not Available,16.10.2025,13:12,Other,Not Matched,"Could not match to schedule (Day: Thursday, Location: جامع الورود)"
20,Unknown,جامع الورود,Thursday,2025-10-16,AUD-20251012-WA0020.m4a,Unknown,Not Available,Not Available,Not Available,Not Available,حسن بن محمد منصور الدغريري,١١/ ٤ / ١٤٤٧,16.10.2025,11:04,Other,Not Matched,"Could not match to schedule (Day: Thursday, Location: جامع الورود)"
21,Unknown,جامع الورود,Thursday,2025-10-16,Mp3 Editor_251015223341.mp3,Unknown,Not Available,Not Available,الثالث  بجامع,Not Available,حسن بن محمد منصور الدغريري,Not Available,16.10.2025,59:21,Other,Not Matched,"Could not match to schedule (Day: Thursday, Location: جامع الورود)"
22,Unknown,جامع الورود,Thursday,2025-10-16,Mp3 Editor_251015223639.mp3,Unknown,Not Available,Not Available,الخامس في,Not Available,حسن بن محمد منصور الدغريري,Not Available,16.10.2025,04:40,Other,Not Matched,"Could not match to schedule (Day: Thursday, Location: جامع الورود)"
23,Unknown,جامع الورود,Thursday,2025-10-16,Mp3 Editor_251015225547.mp3,Unknown,Not Available,Not Available,الثامن بجامع,Not Available,حسن بن محمد منصور الدغريري,Not Available,16.10.2025,09:58,Other,Not Matched,"Could not match to schedule (Day: Thursday, Location: جامع الورود)"
24,Unknown,جامع الورود,Friday,2025-10-17,Mp3 Editor_251017121802.mp3,Unknown,Not Available,Not Available,التاسع بجامع,Not Available,حسن بن محمد منصور الدغريري,Not Available,17.10.2025,08:25,Other,Not Matched,"Could not match to schedule (Day: Friday, Location: جامع الورود)"
25,Unknown,جامع الورود,Friday,2025-10-17,Mp3 Editor_251017122120.mp3,Unknown,Not Available,Not Available,السادس في,Not Available,حسن بن محمد منصور الدغريري,Not Available,17.10.2025,07:15,Other,Not Matched,"Could not match to schedule (Day: Friday, Location: جامع الورود)"
26,Unknown,جامع الورود,Friday,2025-10-17,Mp3 Editor_251017122807.mp3,Unknown,Not Available,Not Available,الرابع  بجامع,Not Available,حسن بن محمد منصور الدغريري,Not Available,17.10.2025,1:06,Other,Not Matched,"Could not match to schedule (Day: Friday, Location: جامع الورود)"
27,Unknown,جامع الورود,Friday,2025-10-17,Mp3 Editor_251017153959.mp3,Unknown,Not Available,Not Available,العاشر بجامع,Not Available,حسن بن محمد منصور الدغريري,Not Available,17.10.2025,05:16,Other,Not Matched,"Could not match to schedule (Day: Friday, Location: جامع الورود)"
28,Unknown,جامع الورود,Friday,2025-10-17,Mp3 Editor_251017170646.mp3,Unknown,Not Available,Not Available,الحادي عشر,Not Available,حسن بن محمد منصور الدغريري,Not Available,17.10.2025,08:37,Other,Not Matched,"Could not match to schedule (Day: Friday, Location: جامع الورود)"
29,Unknown,جامع الورود,Friday,2025-10-17,AUD-20251017-WA0000.m4a,Khutba,وقفات مع السيرة النبوية(٢).,Not Available,Not Available,Not Available,حسن بن محمد منصور الدغريري,٢٥/ ٤ / ١٤٤٧,17.10.2025,09:44,Other,Khutba Detection,none
30,Unknown,جامع الورود,Wednesday,2025-10-22,Mp3 Editor_251022060402.mp3,Unknown,Not Available,Not Available,الرابع  بجامع,Not Available,حسن بن محمد منصور الدغريري,Not Available,22.10.2025,53:01,Other,Not Matched,"Could not match to schedule (Day: Wednesday, Location: جامع الورود)"
31,Unknown,جامع الورود,Wednesday,2025-10-22,Mp3 Editor_251022060954.mp3,Unknown,Not Available,Not Available,الخامس  بجامع,Not Available,حسن بن محمد منصور الدغريري,Not Available,22.10.2025,57:12,Other,Not Matched,"Could not match to schedule (Day: Wednesday, Location: جامع الورود)"
32,Unknown,جامع الورود,Thursday,2025-10-23,Not Available,Unknown,Not Available,Not Available,"(024)-
✏️",Not Available,حسن بن محمد منصور الدغريري,Not Available,23.10.2025,Not Available,Other,Not Matched,"Could not match to schedule (Day: Thursday, Location: جامع الورود)"
33,Unknown,جامع الورود,Thursday,2025-10-23,Not Available,Unknown,Not Available,Not Available,025 *,Not Available,حسن بن محمد منصور الدغريري,Not Available,23.10.2025,Not Available,Other,Not Matched,"Could not match to schedule (Day: Thursday, Location: جامع الورود)"
34,Unknown,جامع الورود,Thursday,2025-10-23,Not Available,Unknown,Not Available,Not Available,026 *,Not Available,حسن بن محمد منصور الدغريري,Not Available,23.10.2025,Not Available,Other,Not Matched,"Could not match to schedule (Day: Thursday, Location: جامع الورود)"
35,Unknown,جامع الورود,Thursday,2025-10-23,Not Available,Unknown,Not Available,Not Available,027 *,Not Available,حسن بن محمد منصور الدغريري,Not Available,23.10.2025,Not Available,Other,Not Matched,"Could not match to schedule (Day: Thursday, Location: جامع الورود)"
36,Unknown,جامع الورود,Thursday,2025-10-23,Not Available,Unknown,Not Available,Not Available,التاسع والعشرون,Not Available,حسن بن محمد منصور الدغريري,Not Available,23.10.2025,Not Available,Other,Not Matched,"Could not match to schedule (Day: Thursday, Location: جامع الورود)"
37,Unknown,جامع الورود,Thursday,2025-10-23,التعليق_على_كتاب_﴿تأسيس_الأحكام_على_ما_صح_من_خير_الأنام_بشرح_عمدة.mp3,Unknown,Not Available,﴿,(33),Not Available,حسن بن محمد منصور الدغريري,Not Available,23.10.2025,38:42,Other,Not Matched,"Could not match to schedule (Day: Thursday, Location: جامع الورود)"
38,Unknown,جامع الورود,Thursday,2025-10-23,التعليق_على_كتاب_﴿تأسيس_الأحكام_على_ما_صح_من_خير_الأنام_بشرح_عمدة.mp3,Unknown,Not Available,﴿,(34),Not Available,حسن بن محمد منصور الدغريري,Not Available,23.10.2025,22:36,Other,Not Matched,"Could not match to schedule (Day: Thursday, Location: جامع الورود)"
39,Unknown,جامع الورود,Thursday,2025-10-23,التعليق_على_تأسيس_الأحكام_على_ما_صح_من_خير_الأنام_بشرح_zos88VZk4dU.m4a,Unknown,Not Available,﴿,(37),Not Available,حسن بن محمد منصور الدغريري,Not Available,23.10.2025,27:12,Other,Not Matched,"Could not match to schedule (Day: Thursday, Location: جامع الورود)"
40,Unknown,جامع الورود,Thursday,2025-10-23,التعليق_على_كتاب_﴿تأسيس_الأحكام_على_ما_صح_من_خير_الأنام_بشرح_عمدة.mp3,Unknown,Not Available,﴿,(35),Not Available,حسن بن محمد منصور الدغريري,Not Available,23.10.2025,45:14,Other,Not Matched,"Could not match to schedule (Day: Thursday, Location: جامع الورود)"
41,Unknown,جامع الورود,Thursday,2025-10-23,التعليق_على_كتاب_﴿تأسيس_الأحكام_على_ما_صح_من_خير_الأنام_بشرح_عمدة.mp3,Unknown,Not Available,﴿,(36),Not Available,حسن بن محمد منصور الدغريري,Not Available,23.10.2025,26:21,Other,Not Matched,"Could not match to schedule (Day: Thursday, Location: جامع الورود)"
42,Unknown,جامع الورود,Thursday,2025-10-23,التعليق_على_كتاب_تأسيس_الأحكام_على_ما_صح_من_خير_الأنام_بشرح_عمدة.mp3,Unknown,Not Available,﴿,(37),Not Available,حسن بن محمد منصور الدغريري,Not Available,23.10.2025,26:21,Other,Not Matched,"Could not match to schedule (Day: Thursday, Location: جامع الورود)"
43,Unknown,جامع الورود,Thursday,2025-10-23,التعليق_على_كتاب_تأسيس_الأحكام_على_ما_صح_من_خير_الأنام_بشرح_عمدة.mp3,Unknown,Not Available,﴿,(38),Not Available,حسن بن محمد منصور الدغريري,Not Available,23.10.2025,27:47,Other,Not Matched,"Could not match to schedule (Day: Thursday, Location: جامع الورود)"
44,Unknown,جامع الورود,Thursday,2025-10-23,التعليق_على_كتاب_تأسيس_الأحكام_على_ما_صح_من_خير_الأنام_بشرح_عمدة.mp3,Unknown,Not Available,﴿,(39),Not Available,حسن بن محمد منصور الدغريري,Not Available,23.10.2025,29:10,Other,Not Matched,"Could not match to schedule (Day: Thursday, Location: جامع الورود)"
45,Unknown,جامع الورود,Thursday,2025-10-23,التعليق_على_كتاب_تأسيس_الأحكام_على_ما_صح_من_خير_الأنام_بشرح_عمدة.mp3,Unknown,Not Available,﴿,(40),Not Available,حسن بن محمد منصور الدغريري,Not Available,23.10.2025,33:18,Other,Not Matched,"Could not match to schedule (Day: Thursday, Location: جامع الورود)"
46,Unknown,جامع الورود,Sunday,2025-10-26,Mp3 Editor_251026012445.mp3,Unknown,Not Available,Not Available,الخامس  بجامع,Not Available,حسن بن محمد منصور الدغريري,Not Available,26.10.2025,1:08,Other,Not Matched,"Could not match to schedule (Day: Sunday, Location: جامع الورود)"
47,Unknown,جامع الورود,Sunday,2025-10-26,Mp3 Editor_251026014231.mp3,Unknown,Not Available,Not Available,الأول  بجامع,Not Available,حسن بن محمد منصور الدغريري,Not Available,26.10.2025,48:16,Other,Not Matched,"Could not match to schedule (Day: Sunday, Location: جامع الورود)"
48,Unknown,جامع الورود,Sunday,2025-10-26,Mp3 Editor_251026014901.mp3,Unknown,Not Available,Not Available,السابع في,Not Available,حسن بن محمد منصور الدغريري,Not Available,26.10.2025,05:47,Other,Not Matched,"Could not match to schedule (Day: Sunday, Location: جامع الورود)"
49,Unknown,جامع الورود,Sunday,2025-10-26,Mp3 Editor_251026020733.mp3,Unknown,Not Available,Not Available,الأول  بجامع,Not Available,حسن بن محمد منصور الدغريري,Not Available,26.10.2025,51:42,Other,Not Matched,"Could not match to schedule (Day: Sunday, Location: جامع الورود)"
50,Unknown,جامع الورود,Sunday,2025-10-26,Mp3 Editor_251026021742.mp3,Unknown,Not Available,Not Available,الثاني عشر,Not Available,حسن بن محمد منصور الدغريري,Not Available,26.10.2025,11:02,Other,Not Matched,"Could not match to schedule (Day: Sunday, Location: جامع الورود)"
51,Unknown,جامع الورود,Sunday,2025-10-26,Mp3 Editor_251026023758.mp3,Unknown,Not Available,Not Available,الثالث عشر,Not Available,حسن بن محمد منصور الدغريري,Not Available,26.10.2025,10:56,Other,Not Matched,"Could not match to schedule (Day: Sunday, Location: جامع الورود)"
52,Unknown,جامع الورود,Sunday,2025-10-26,AUD-20251026-WA0003.m4a,Unknown,Not Available,Not Available,Not Available,Not Available,حسن بن محمد منصور الدغريري,٥/ ٢ / ١٤٤٧,26.10.2025,10:45,Other,Not Matched,"Could not match to schedule (Day: Sunday, Location: جامع الورود)"
53,Unknown,جامع الورود,Sunday,2025-10-26,Mp3 Editor_251026070944.mp3,Unknown,Not Available,Not Available,الثامن في,Not Available,حسن بن محمد منصور الدغريري,Not Available,26.10.2025,09:55,Other,Not Matched,"Could not match to schedule (Day: Sunday, Location: جامع الورود)"
54,Unknown,جامع الورود,Sunday,2025-10-26,Mp3 Editor_251026073039.mp3,Unknown,Not Available,Not Available,الثاني  بجامع,Not Available,حسن بن محمد منصور الدغريري,Not Available,26.10.2025,1:08,Other,Not Matched,"Could not match to schedule (Day: Sunday, Location: جامع الورود)"
55,Unknown,جامع الورود,Sunday,2025-10-26,Mp3 Editor_251026073911.mp3,Unknown,Not Available,Not Available,السادس  بجامع,Not Available,حسن بن محمد منصور الدغريري,Not Available,26.10.2025,1:03,Other,Not Matched,"Could not match to schedule (Day: Sunday, Location: جامع الورود)"
56,Unknown,جامع الورود,Wednesday,2025-10-29,Not Available,Unknown,Not Available,Not Available,Not Available,Not Available,حسن بن محمد منصور الدغريري,Not Available,29.10.2025,Not Available,Other,Not Matched,"Could not match to schedule (Day: Wednesday, Location: جامع الورود)"
57,Unknown,جامع الورود,Tuesday,2025-11-04,AUD-20251104-WA0000.m4a,Unknown,Not Available,Not Available,الخامس عشر,Not Available,حسن بن محمد منصور الدغريري,Not Available,04.11.2025,15:18,Other,Not Matched,"Could not match to schedule (Day: Tuesday, Location: جامع الورود)"
58,Unknown,جامع الورود,Tuesday,2025-11-18,Not Available,Unknown,Not Available,Not Available,Not Available,Not Available,حسن بن محمد منصور الدغريري,Not Available,18.11.2025,Not Available,Other,Not Matched,"Could not match to schedule (Day: Tuesday, Location: جامع الورود)"
59,Unknown,جامع الورود,Thursday,2025-11-27,Mp3 Editor_251127124529.mp3,Unknown,Not Available,Not Available,السادس  بجامع,Not Available,حسن بن محمد منصور الدغريري,Not Available,27.11.2025,42:40,Other,Not Matched,"Could not match to schedule (Day: Thursday, Location: جامع الورود)"
60,Unknown,جامع الورود,Thursday,2025-11-27,Mp3 Editor_251127133423.mp3,Unknown,Not Available,Not Available,السادس عشر,Not Available,حسن بن محمد منصور الدغريري,Not Available,27.11.2025,12:43,Other,Not Matched,"Could not match to schedule (Day: Thursday, Location: جامع الورود)"
61,Unknown,جامع الورود,Thursday,2025-11-27,Mp3 Editor_251127133948.mp3,Unknown,Not Available,Not Available,السابع  بجامع,Not Available,حسن بن محمد منصور الدغريري,Not Available,27.11.2025,43:57,Other,Not Matched,"Could not match to schedule (Day: Thursday, Location: جامع الورود)"
62,Unknown,جامع الورود,Friday,2025-11-28,Not Available,Khutba,"مستل من خطبة الجمعة:
فصل الشتاء",Not Available,Not Available,Not Available,حسن بن محمد منصور الدغريري,Not Available,28.11.2025,Not Available,Other,Khutba Detection,none
63,Unknown,جامع الورود,Friday,2025-11-28,AUDIO-2025-11-28-23-15-18.m4a,Khutba,#خطبة_الجمعة,Not Available,Not Available,Not Available,حسن بن محمد منصور الدغريري,٧ / ٦ / ١٤٤٧,28.11.2025,12:16,Other,Khutba Detection,none
64,Unknown,جامع الورود,Sunday,2025-11-30,Mp3 Editor_251129225724.mp3,Unknown,Not Available,Not Available,السابع  بجامع,Not Available,حسن بن محمد منصور الدغريري,Not Available,30.11.2025,58:20,Other,Not Matched,"Could not match to schedule (Day: Sunday, Location: جامع الورود)"
65,Unknown,جامع الورود,Sunday,2025-11-30,AUD-20251129-WA0017.m4a,Unknown,Not Available,Not Available,الأول بجامع,Not Available,حسن بن محمد منصور الدغريري,Not Available,30.11.2025,42:51,Other,Not Matched,"Could not match to schedule (Day: Sunday, Location: جامع الورود)"
66,Unknown,جامع الورود,Sunday,2025-11-30,Mp3 Editor_251129231102.mp3,Unknown,Not Available,Not Available,التاسع في,Not Available,حسن بن محمد منصور الدغريري,Not Available,30.11.2025,06:05,Other,Not Matched,"Could not match to schedule (Day: Sunday, Location: جامع الورود)"
67,Unknown,جامع الورود,Sunday,2025-11-30,AUD-20251130-WA0012.m4a,Unknown,Not Available,Not Available,الحادي عشر,Not Available,حسن بن محمد منصور الدغريري,Not Available,30.11.2025,05:35,Other,Not Matched,"Could not match to schedule (Day: Sunday, Location: جامع الورود)"
68,Unknown,جامع الورود,Tuesday,2025-12-02,Mp3 Editor_251201224432.mp3,Unknown,Not Available,Not Available,الثامن عشر,Not Available,حسن بن محمد منصور الدغريري,Not Available,02.12.2025,11:25,Other,Not Matched,"Could not match to schedule (Day: Tuesday, Location: جامع الورود)"
69,Unknown,جامع الورود,Tuesday,2025-12-02,AUD-20251201-WA0005.mp3,Unknown,Not Available,Not Available,Not Available,Not Available,حسن بن محمد منصور الدغريري,٢٢ / ٥ / ١٤٤٧,02.12.2025,08:17,Other,Not Matched,"Could not match to schedule (Day: Tuesday, Location: جامع الورود)"
70,Unknown,جامع الورود,Tuesday,2025-12-02,Mp3 Editor_251202153513.mp3,Unknown,Not Available,Not Available,التاسع ونهاية,Not Available,حسن بن محمد منصور الدغريري,Not Available,02.12.2025,55:49,Other,Not Matched,"Could not match to schedule (Day: Tuesday, Location: جامع الورود)"
71,Unknown,جامع الورود,Tuesday,2025-12-02,AUD-20251202-WA0001.m4a,Unknown,Not Available,Not Available,الثاني بجامع,Not Available,حسن بن محمد منصور الدغريري,Not Available,02.12.2025,34:17,Other,Not Matched,"Could not match to schedule (Day: Tuesday, Location: جامع الورود)"
72,Unknown,جامع الورود,Tuesday,2025-12-02,AUD-20251202-WA0002.m4a,Unknown,Not Available,Not Available,الثالث بجامع,Not Available,حسن بن محمد منصور الدغريري,Not Available,02.12.2025,59:22,Other,Not Matched,"Could not match to schedule (Day: Tuesday, Location: جامع الورود)"
73,Unknown,جامع الورود,Tuesday,2025-12-02,Mp3 Editor_251202160725.mp3,Unknown,Not Available,Not Available,الثامن  بجامع,Not Available,حسن بن محمد منصور الدغريري,Not Available,02.12.2025,52:58,Other,Not Matched,"Could not match to schedule (Day: Tuesday, Location: جامع الورود)"
74,Unknown,جامع الورود,Tuesday,2025-12-02,Mp3 Editor_251202161629.mp3,Unknown,Not Available,Not Available,الرابع  بجامع,Not Available,حسن بن محمد منصور الدغريري,Not Available,02.12.2025,1:03,Other,Not Matched,"Could not match to schedule (Day: Tuesday, Location: جامع الورود)"
75,Unknown,جامع الورود,Tuesday,2025-12-02,Mp3 Editor_251202163202.mp3,Unknown,Not Available,Not Available,العاشر في,Not Available,حسن بن محمد منصور الدغريري,Not Available,02.12.2025,05:47,Other,Not Matched,"Could not match to schedule (Day: Tuesday, Location: جامع الورود)"
76,Unknown,جامع الورود,Monday,2025-12-08,Ringtone_AUD-20251207-WA0004.mp3,Unknown,Not Available,Not Available,Not Available,Not Available,حسن بن محمد منصور الدغريري,Not Available,08.12.2025,10:07,Other,Not Matched,"Could not match to schedule (Day: Monday, Location: جامع الورود)"
77,Unknown,جامع الورود,Monday,2025-12-08,AUD-20251208-WA0001.m4a,Unknown,Not Available,Not Available,الرابع بجامع,Not Available,حسن بن محمد منصور الدغريري,Not Available,08.12.2025,32:50,Other,Not Matched,"Could not match to schedule (Day: Monday, Location: جامع الورود)"
78,Unknown,جامع الورود,Monday,2025-12-08,AUD-20251208-WA0004.m4a,Unknown,Not Available,Not Available,الخامس  بجامع,Not Available,حسن بن محمد منصور الدغريري,Not Available,08.12.2025,34:44,Other,Not Matched,"Could not match to schedule (Day: Monday, Location: جامع الورود)"
79,Unknown,جامع الورود,Monday,2025-12-08,AUD-20251208-WA0005.m4a,Unknown,Not Available,Not Available,السادس  بجامع,Not Available,حسن بن محمد منصور الدغريري,Not Available,08.12.2025,56:16,Other,Not Matched,"Could not match to schedule (Day: Monday, Location: جامع الورود)"
80,Unknown,جامع الورود,Monday,2025-12-08,Mp3 Editor_251208214714.mp3,Unknown,Not Available,Not Available,التاسع  بجامع,Not Available,حسن بن محمد منصور الدغريري,Not Available,08.12.2025,43:47,Other,Not Matched,"Could not match to schedule (Day: Monday, Location: جامع الورود)"
81,Unknown,جامع الورود,Tuesday,2025-12-09,Mp3 Editor_251208225109.mp3,Unknown,Not Available,Not Available,الواحد والعشرون,Not Available,حسن بن محمد منصور الدغريري,Not Available,09.12.2025,12:00,Other,Not Matched,"Could not match to schedule (Day: Tuesday, Location: جامع الورود)"
82,Unknown,جامع الورود,Tuesday,2025-12-09,Mp3 Editor_251208230041.mp3,Unknown,Not Available,Not Available,الثاني والعشرون,Not Available,حسن بن محمد منصور الدغريري,Not Available,09.12.2025,22:07,Other,Not Matched,"Could not match to schedule (Day: Tuesday, Location: جامع الورود)"
83,Unknown,جامع الورود,Tuesday,2025-12-09,AUD-20251209-WA0004.m4a,Unknown,Not Available,Not Available,الثاني عشر,Not Available,حسن بن محمد منصور الدغريري,Not Available,09.12.2025,04:48,Other,Not Matched,"Could not match to schedule (Day: Tuesday, Location: جامع الورود)"
84,Unknown,جامع الورود,Tuesday,2025-12-09,AUD-20251111-WA0001.m4a,Unknown,Not Available,Not Available,الثالث  بجامع,Not Available,حسن بن محمد منصور الدغريري,Not Available,09.12.2025,41:24,Other,Not Matched,"Could not match to schedule (Day: Tuesday, Location: جامع الورود)"
85,Unknown,جامع الورود,Tuesday,2025-12-09,AUD-20251209-WA0005.m4a,Unknown,Not Available,Not Available,العاشر  بجامع,Not Available,حسن بن محمد منصور الدغريري,Not Available,09.12.2025,46:25,Other,Not Matched,"Could not match to schedule (Day: Tuesday, Location: جامع الورود)"
86,Unknown,جامع الورود,Thursday,2025-12-11,AUD-20251211-WA0003.m4a,Unknown,Not Available,Not Available,السابع عشر,Not Available,حسن بن محمد منصور الدغريري,Not Available,11.12.2025,12:52,Other,Not Matched,"Could not match to schedule (Day: Thursday, Location: جامع الورود)"
87,Unknown,جامع الورود,Thursday,2025-12-11,AUD-20251211-WA0007.m4a,Unknown,Not Available,Not Available,التاسع عشر,Not Available,حسن بن محمد منصور الدغريري,Not Available,11.12.2025,13:20,Other,Not Matched,"Could not match to schedule (Day: Thursday, Location: جامع الورود)"
88,Unknown,جامع الورود,Saturday,2025-12-13,AUD-20251213-WA0011.m4a,Unknown,Not Available,Not Available,Not Available,Not Available,حسن بن محمد منصور الدغريري,١٦ / ٥ / ١٤٤٧,13.12.2025,10:39,Other,Not Matched,"Could not match to schedule (Day: Saturday, Location: جامع الورود)"
89,Unknown,جامع الورود,Saturday,2025-12-13,AUD-20251213-WA0012.mp3,Unknown,Not Available,Not Available,Not Available,Not Available,حسن بن محمد منصور الدغريري,٢٣ / ٥ / ١٤٤٧,13.12.2025,09:49,Other,Not Matched,"Could not match to schedule (Day: Saturday, Location: جامع الورود)"
90,Unknown,جامع الورود,Saturday,2025-12-13,AUD-20251213-WA0013.m4a,Unknown,Not Available,Not Available,Not Available,Not Available,حسن بن محمد منصور الدغريري,٢١ / ٦ / ١٤٤٧,13.12.2025,10:17,Other,Not Matched,"Could not match to schedule (Day: Saturday, Location: جامع الورود)"
91,Unknown,جامع الورود,Monday,2025-12-15,AUD-20251215-WA0000.m4a,Unknown,Not Available,Not Available,الثالث عشر,Not Available,حسن بن محمد منصور الدغريري,Not Available,15.12.2025,09:04,Other,Not Matched,"Could not match to schedule (Day: Monday, Location: جامع الورود)"
92,Unknown,جامع الورود,Monday,2025-12-15,AUD-20251215-WA0002.m4a,Unknown,Not Available,Not Available,السابع بجامع,Not Available,حسن بن محمد منصور الدغريري,Not Available,15.12.2025,39:52,Other,Not Matched,"Could not match to schedule (Day: Monday, Location: جامع الورود)"
93,Unknown,جامع الورود,Monday,2025-12-15,AUD-20251215-WA0003.m4a,Unknown,Not Available,Not Available,الخامس بجامع,Not Available,حسن بن محمد منصور الدغريري,Not Available,15.12.2025,48:06,Other,Not Matched,"Could not match to schedule (Day: Monday, Location: جامع الورود)"
94,Unknown,جامع الورود,Thursday,2025-12-18,AUD-20251215-WA0004.m4a,Unknown,Not Available,Not Available,الحادي عشر,Not Available,حسن بن محمد منصور الدغريري,Not Available,18.12.2025,48:15,Other,Not Matched,"Could not match to schedule (Day: Thursday, Location: جامع الورود)"
95,Unknown,جامع الورود,Thursday,2025-12-18,Not Available,Unknown,Not Available,Not Available,Not Available,Not Available,حسن بن محمد منصور الدغريري,Not Available,18.12.2025,Not Available,Other,Not Matched,"Could not match to schedule (Day: Thursday, Location: جامع الورود)"
96,Unknown,جامع الورود,Thursday,2025-12-18,Not Available,Unknown,Not Available,Not Available,Not Available,Not Available,حسن بن محمد منصور الدغريري,٢٦ / ٦ / ١٤٤٧,18.12.2025,Not Available,Other,Not Matched,"Could not match to schedule (Day: Thursday, Location: جامع الورود)"
97,Unknown,جامع الورود,Friday,2025-12-19,AUDIO-2025-12-19-17-36-02.m4a,Khutba,وقفات مع السيرة النبوية (٧),Not Available,Not Available,Not Available,حسن بن محمد منصور الدغريري,٢٨ / ٦ / ١٤٤٧,19.12.2025,10:27,Other,Khutba Detection,none
98,Unknown,جامع الورود,Monday,2025-12-22,AUDIO-2025-12-22-07-20-10.m4a,Unknown,Not Available,سبل السلام من الفوائد والأحكام,الاول من,Not Available,حسن بن محمد منصور الدغريري,Not Available,22.12.2025,47:59,Other,Not Matched,"Could not match to schedule (Day: Monday, Location: جامع الورود)"
99,Unknown,جامع الورود,Monday,2025-12-22,AUDIO-2025-12-22-07-20-10.m4a,Unknown,Not Available,Not Available,الاول بجامع,Not Available,حسن بن محمد منصور الدغريري,Not Available,22.12.2025,52:42,Other,Not Matched,"Could not match to schedule (Day: Monday, Location: جامع الورود)"
100,Unknown,جامع الورود,Monday,2025-12-22,AUDIO-2025-12-22-07-20-10.m4a,Unknown,Not Available,Not Available,الاول بجامع,Not Available,حسن بن محمد منصور الدغريري,Not Available,22.12.2025,43:13,Other,Not Matched,"Could not match to schedule (Day: Monday, Location: جامع الورود)"
101,Unknown,جامع الورود,Monday,2025-12-22,AUDIO-2025-12-22-14-05-28.m4a,Unknown,Not Available,Not Available,الرابع عشر,Not Available,حسن بن محمد منصور الدغريري,Not Available,22.12.2025,22:17,Other,Not Matched,"Could not match to schedule (Day: Monday, Location: جامع الورود)"
102,Unknown,جامع الورود,Monday,2025-12-22,AUDIO-2025-12-22-14-05-28.m4a,Unknown,Not Available,Not Available,الثامن بجامع,Not Available,حسن بن محمد منصور الدغريري,Not Available,22.12.2025,33:42,Other,Not Matched,"Could not match to schedule (Day: Monday, Location: جامع الورود)"
103,Unknown,جامع الورود,Monday,2025-12-22,AUDIO-2025-12-22-14-05-28.m4a,Unknown,Not Available,Not Available,السادس بجامع,Not Available,حسن بن محمد منصور الدغريري,Not Available,22.12.2025,35:22,Other,Not Matched,"Could not match to schedule (Day: Monday, Location: جامع الورود)"
104,Unknown,جامع الورود,Monday,2025-12-22,AUDIO-2025-12-22-14-05-29.m4a,Unknown,Not Available,Not Available,الثاني عشر,Not Available,حسن بن محمد منصور الدغريري,Not Available,22.12.2025,48:06,Other,Not Matched,"Could not match to schedule (Day: Monday, Location: جامع الورود)"
105,Unknown,جامع الورود,Wednesday,2025-12-24,Not Available,Unknown,Not Available,Not Available,Not Available,Not Available,حسن بن محمد منصور الدغريري,Not Available,24.12.2025,Not Available,Other,Not Matched,"Could not match to schedule (Day: Wednesday, Location: جامع الورود)"
106,Unknown,جامع الورود,Wednesday,2025-12-24,Not Available,Unknown,Not Available,Not Available,Not Available,Not Available,حسن بن محمد منصور الدغريري,Not Available,24.12.2025,Not Available,Other,Not Matched,"Could not match to schedule (Day: Wednesday, Location: جامع الورود)"
107,Unknown,جامع الورود,Thursday,2025-12-25,Not Available,Unknown,Not Available,Not Available,Not Available,Not Available,حسن بن محمد منصور الدغريري,Not Available,25.12.2025,Not Available,Other,Not Matched,"Could not match to schedule (Day: Thursday, Location: جامع الورود)"
108,Unknown,جامع الورود,Friday,2025-12-26,AUDIO-2025-12-26-14-10-13.m4a,Khutba,بدع شهر رجب,Not Available,Not Available,Not Available,حسن بن محمد منصور الدغريري,٦ / ٧ / ١٤٤٧,26.12.2025,09:40,Other,Khutba Detection,none
109,Unknown,جامع الورود,Sunday,2025-12-28,AUDIO-2025-12-27-10-21-24.m4a,Unknown,Not Available,Not Available,الثاني بجامع,Not Available,حسن بن محمد منصور الدغريري,Not Available,28.12.2025,43:18,Other,Not Matched,"Could not match to schedule (Day: Sunday, Location: جامع الورود)"
110,Unknown,جامع الورود,Sunday,2025-12-28,AUDIO-2025-12-27-10-21-24.m4a,Unknown,Not Available,Not Available,الثاني بجامع,Not Available,حسن بن محمد منصور الدغريري,Not Available,28.12.2025,37:48,Other,Not Matched,"Could not match to schedule (Day: Sunday, Location: جامع الورود)"
111,Unknown,جامع الورود,Sunday,2025-12-28,AUDIO-2025-12-27-10-25-24.m4a,Unknown,Not Available,سبل السلام من الفوائد والأحكام,الثاني من,Not Available,حسن بن محمد منصور الدغريري,Not Available,28.12.2025,1:11,Other,Not Matched,"Could not match to schedule (Day: Sunday, Location: جامع الورود)"
112,Unknown,جامع الورود,Sunday,2025-12-28,AUDIO-2025-12-27-19-31-11.m4a,Unknown,Not Available,Not Available,الخامس عشر,Not Available,حسن بن محمد منصور الدغريري,Not Available,28.12.2025,06:31,Other,Not Matched,"Could not match to schedule (Day: Sunday, Location: جامع الورود)"
113,Unknown,جامع الورود,Sunday,2025-12-28,AUDIO-2025-12-27-19-33-23.m4a,Unknown,Not Available,التعليقات البهية على الرسائل العقدية) بجامع الورود,التاسع (آخر,Not Available,حسن بن محمد منصور الدغريري,Not Available,28.12.2025,1:04,Other,Not Matched,"Could not match to schedule (Day: Sunday, Location: جامع الورود)"
114,Unknown,جامع الورود,Sunday,2025-12-28,AUDIO-2025-12-27-19-36-27.m4a,Unknown,Not Available,Not Available,السابع بجامع,Not Available,حسن بن محمد منصور الدغريري,Not Available,28.12.2025,26:55,Other,Not Matched,"Could not match to schedule (Day: Sunday, Location: جامع الورود)"
115,Unknown,جامع الورود,Sunday,2025-12-28,AUDIO-2025-12-28-07-37-23.m4a,Unknown,Not Available,Not Available,الثالث عشر,Not Available,حسن بن محمد منصور الدغريري,Not Available,28.12.2025,45:08,Other,Not Matched,"Could not match to schedule (Day: Sunday, Location: جامع الورود)"
116,Unknown,جامع الورود,Sunday,2025-12-28,Not Available,Unknown,Not Available,Not Available,الافنان,Not Available,حسن بن محمد منصور الدغريري,Not Available,28.12.2025,Not Available,Other,Not Matched,"Could not match to schedule (Day: Sunday, Location: جامع الورود)"
117,Unknown,جامع الورود,Friday,2026-01-02,Not Available,Unknown,Not Available,Not Available,Not Available,Not Available,حسن بن محمد منصور الدغريري,Not Available,02.01.2026,Not Available,Other,Not Matched,"Could not match to schedule (Day: Friday, Location: جامع الورود)"
118,Unknown,جامع الورود,Friday,2026-01-02,Not Available,Unknown,Not Available,Not Available,Not Available,Not Available,حسن بن محمد منصور الدغريري,Not Available,02.01.2026,Not Available,Other,Not Matched,"Could not match to schedule (Day: Friday, Location: جامع الورود)"
119,Unknown,جامع الورود,Friday,2026-01-02,AUD-20260102-WA0003.mp3,Khutba,وقفات مع السيرة النبوية (٨),Not Available,Not Available,Not Available,حسن بن محمد منصور الدغريري,١٢ / ٧ / ١٤٤٧,02.01.2026,12:27,Other,Khutba Detection,none
120,Unknown,جامع الورود,Saturday,2026-01-03,AUD-20260103-WA0003.opus,Unknown,Not Available,Not Available,Not Available,Not Available,حسن بن محمد منصور الدغريري,Not Available,03.01.2026,34:23,Other,Not Matched,"Could not match to schedule (Day: Saturday, Location: جامع الورود)"
121,Unknown,جامع الورود,Thursday,2026-01-08,AUDIO-2026-01-07-19-05-05.m4a,Unknown,Not Available,Not Available,Not Available,Not Available,حسن بن محمد منصور الدغريري,١٨ / ٧ / ١٤٤٧,08.01.2026,48:20,Other,Not Matched,"Could not match to schedule (Day: Thursday, Location: جامع الورود)"
122,Unknown,جامع الورود,Sunday,2026-01-11,Not Available,Unknown,Not Available,الله ، وسنة نبيه صلى الله عليه وسلم ؛ وما كان عليه سلفنا الصالحين ؛ أوردت بعضها دلالةً على غيرها ؛ و,Not Available,Not Available,حسن بن محمد منصور الدغريري,Not Available,11.01.2026,Not Available,Other,Not Matched,"Could not match to schedule (Day: Sunday, Location: جامع الورود)"
123,Unknown,جامع الورود,Sunday,2026-01-11,Not Available,Unknown,Not Available,الله، وسنة رسول الله صلى الله عليه وسلم على فهم السلف الصالح، وأن يأخذ بأقوال العلماء السلفيين الراس,Not Available,Not Available,حسن بن محمد منصور الدغريري,٢٢ / ٧ / ١٤٤٧,11.01.2026,Not Available,Other,Not Matched,"Could not match to schedule (Day: Sunday, Location: جامع الورود)"
124,Unknown,جامع الورود,Tuesday,2026-01-13,Not Available,Unknown,Not Available,Not Available,Not Available,Not Available,حسن بن محمد منصور الدغريري,Not Available,13.01.2026,Not Available,Other,Not Matched,"Could not match to schedule (Day: Tuesday, Location: جامع الورود)"
125,Unknown,جامع الورود,Wednesday,2026-01-14,Not Available,Unknown,Not Available,Not Available,Not Available,Not Available,حسن بن محمد منصور الدغريري,Not Available,14.01.2026,Not Available,Other,Not Matched,"Could not match to schedule (Day: Wednesday, Location: جامع الورود)"
126,Unknown,جامع الورود,Wednesday,2026-01-14,Not Available,Unknown,Not Available,Not Available,Not Available,Not Available,حسن بن محمد منصور الدغريري,Not Available,14.01.2026,Not Available,Other,Not Matched,"Could not match to schedule (Day: Wednesday, Location: جامع الورود)"
127,Unknown,جامع الورود,Friday,2026-01-16,AUDIO-2026-01-16-14-51-11.m4a,Khutba,وقفات مع السيرة النبوية (٩),Not Available,Not Available,Not Available,حسن بن محمد منصور الدغريري,٢٧ / ٧ / ١٤٤٧,16.01.2026,12:27,Other,Khutba Detection,none
128,Unknown,جامع الورود,Saturday,2026-01-17,Not Available,Unknown,Not Available,ونحوها ، وقد قال الله تعالى : ( وَأَنَّ الْمَسَاجِدَ لِلَّهِ فَلَا تَدْعُوا مَعَ اللَّهِ أَحَدًا ) (,Not Available,Not Available,حسن بن محمد منصور الدغريري,Not Available,17.01.2026,Not Available,Other,Not Matched,"Could not match to schedule (Day: Saturday, Location: جامع الورود)"
129,Unknown,جامع الورود,Saturday,2026-01-17,Not Available,Unknown,Not Available,Not Available,Not Available,Not Available,حسن بن محمد منصور الدغريري,Not Available,17.01.2026,Not Available,Other,Not Matched,"Could not match to schedule (Day: Saturday, Location: جامع الورود)"
130,Unknown,جامع الورود,Sunday,2026-01-18,ÇáÔíÎ ÍÓä Èä ãÍãÏ ãäÕæÑ ÏÛÑíÑí – ÝÖá ÇáÚáã æãäÒáÉ Ãåáå,Unknown,Not Available,Not Available,Not Available,Not Available,حسن بن محمد منصور الدغريري,Not Available,18.01.2026,32:54,Other,Not Matched,"Could not match to schedule (Day: Sunday, Location: جامع الورود)"
131,Unknown,جامع الورود,Sunday,2026-01-18,Not Available,Unknown,Not Available,Not Available,الافنان,Not Available,حسن بن محمد منصور الدغريري,Not Available,18.01.2026,Not Available,Other,Not Matched,"Could not match to schedule (Day: Sunday, Location: جامع الورود)"
132,Unknown,جامع الورود,Sunday,2026-01-18,Not Available,Unknown,Not Available,Not Available,Not Available,Not Available,حسن بن محمد منصور الدغريري,Not Available,18.01.2026,Not Available,Other,Not Matched,"Could not match to schedule (Day: Sunday, Location: جامع الورود)"
1,تأسيس الأحكام شرح عمدة الأحكام,جامع الورود,Tuesday,2025-10-07,4_5992475423785622177 (1).mp3,Series,Not Available,النكاح (١),الثاني والتسعون,أحمد بن يحيى النجمي,حسن بن محمد منصور الدغريري,Not Available,07.10.2025,13:34,Hadeeth,Keyword Match (Tuesday),matched by keywords
2,تأسيس الأحكام شرح عمدة الأحكام,جامع الورود,Thursday,2025-10-09,4_5996911497937164392.mp3,Series,Not Available,النكاح (٢),الثالث والتسعون,أحمد بن يحيى النجمي,حسن بن محمد منصور الدغريري,Not Available,09.10.2025,17:24,Hadeeth,Keyword Match (Thursday),matched by keywords
3,تأسيس الأحكام شرح عمدة الأحكام,جامع الورود,Friday,2025-10-10,Mp3 Editor_251010210205.mp3,Series,Not Available,النكاح (٣),الرابع والتسعون,أحمد بن يحيى النجمي,حسن بن محمد منصور الدغريري,Not Available,10.10.2025,24:59,Hadeeth,Keyword Match (Friday),matched by keywords
4,تأسيس الأحكام شرح عمدة الأحكام,جامع الورود,Monday,2025-10-13,Mp3 Editor_251013152911.mp3,Series,Not Available,الطهارة,الأول  من,أحمد بن يحيى النجمي,حسن بن محمد منصور الدغريري,Not Available,13.10.2025,46:46,Hadeeth,Schedule (Monday),none
5,تأسيس الأحكام شرح عمدة الأحكام,جامع الورود,Thursday,2025-10-16,Mp3 Editor_251015221637.mp3,Series,Not Available,النكاح (٤),الخامس والتسعون,أحمد بن يحيى النجمي,حسن بن محمد منصور الدغريري,Not Available,16.10.2025,19:26,Hadeeth,Keyword Match (Thursday),matched by keywords
6,تأسيس الأحكام شرح عمدة الأحكام,جامع الورود,Friday,2025-10-17,AUD-20251012-WA0033.m4a,Series,Not Available,النكاح (٥),السادس والتسعون,أحمد بن يحيى النجمي,حسن بن محمد منصور الدغريري,Not Available,17.10.2025,16:15,Hadeeth,Keyword Match (Friday),matched by keywords
7,تأسيس الأحكام شرح عمدة الأحكام,جامع الورود,Friday,2025-10-17,AUD-20251015-WA0055.m4a,Series,Not Available,النكاح (٦),السابع والتسعون,أحمد بن يحيى النجمي,حسن بن محمد منصور الدغريري,Not Available,17.10.2025,22:15,Hadeeth,Keyword Match (Friday),matched by keywords
8,تأسيس الأحكام شرح عمدة الأحكام,جامع الورود,Thursday,2025-10-23,Not Available,Series,Not Available,الصيام :( من كتاب تأسيس الأحكام على ما صح من خير الأنام بشرح عمدة الأحكام ),"(-02)-
✏️",أحمد بن يحيى النجمي,حسن بن محمد منصور الدغريري,29 رجب 1437,23.10.2025,Not Available,Hadeeth,Keyword Match (Thursday),matched by keywords
9,تأسيس الأحكام شرح عمدة الأحكام,جامع الورود,Thursday,2025-10-23,Not Available,Series,Not Available,الصيام :( من كتاب تأسيس الأحكام على ما صح من خير الأنام بشرح عمدة الأحكام ),"(-03)-
✏️",أحمد بن يحيى النجمي,حسن بن محمد منصور الدغريري,Not Available,23.10.2025,Not Available,Hadeeth,Keyword Match (Thursday),matched by keywords
10,تأسيس الأحكام شرح عمدة الأحكام,جامع الورود,Thursday,2025-10-23,Not Available,Series,Not Available,الصيام :( من كتاب تأسيس الأحكام على ما صح من خير الأنام بشرح عمدة الأحكام ),"(-04)-
✏️",أحمد بن يحيى النجمي,حسن بن محمد منصور الدغريري,Not Available,23.10.2025,Not Available,Hadeeth,Keyword Match (Thursday),matched by keywords
11,تأسيس الأحكام شرح عمدة الأحكام,جامع الورود,Thursday,2025-10-23,Not Available,Series,Not Available,الصيام :( من كتاب تأسيس الأحكام على ما صح من خير الأنام بشرح عمدة الأحكام ),"(-05)-
✏️",أحمد بن يحيى النجمي,حسن بن محمد منصور الدغريري,Not Available,23.10.2025,Not Available,Hadeeth,Keyword Match (Thursday),matched by keywords
12,تأسيس الأحكام شرح عمدة الأحكام,جامع الورود,Thursday,2025-10-23,Not Available,Series,Not Available,الصيام : ( من كتاب تأسيس الأحكام على ما صح من خير الأنام بشرح عمدة الأحكام ),"(-06)-
✏️",أحمد بن يحيى النجمي,حسن بن محمد منصور الدغريري,Not Available,23.10.2025,Not Available,Hadeeth,Keyword Match (Thursday),matched by keywords
13,تأسيس الأحكام شرح عمدة الأحكام,جامع الورود,Thursday,2025-10-23,Not Available,Series,Not Available,الصيام : ( من كتاب تأسيس الأحكام على ما صح من خير الأنام بشرح عمدة الأحكام ),"(-07)-
✏️",أحمد بن يحيى النجمي,حسن بن محمد منصور الدغريري,Not Available,23.10.2025,Not Available,Hadeeth,Keyword Match (Thursday),matched by keywords
14,تأسيس الأحكام شرح عمدة الأحكام,جامع الورود,Thursday,2025-10-23,Not Available,Series,Not Available,الصيام : ( من كتاب تأسيس الأحكام على ما صح من خير الأنام بشرح عمدة الأحكام ),الأول (-01)-.,أحمد بن يحيى النجمي,حسن بن محمد منصور الدغريري,29 رجب 1437,23.10.2025,Not Available,Hadeeth,Keyword Match (Thursday),matched by keywords
15,تأسيس الأحكام شرح عمدة الأحكام,جامع الورود,Thursday,2025-10-23,Not Available,Series,Not Available,الطهارة,الأول (-01)-.,أحمد بن يحيى النجمي,حسن بن محمد منصور الدغريري,Not Available,23.10.2025,Not Available,Hadeeth,Keyword Match (Thursday),matched by keywords
16,تأسيس الأحكام شرح عمدة الأحكام,جامع الورود,Thursday,2025-10-23,Not Available,Series,Not Available,( تأسيس الأحكام على ما صح من خير الأنام بشرح عمدة الأحكام ),"(10)-
✏️",أحمد بن يحيى النجمي,حسن بن محمد منصور الدغريري,20 شوال 1437,23.10.2025,Not Available,Hadeeth,Keyword Match (Thursday),matched by keywords
17,تأسيس الأحكام شرح عمدة الأحكام,جامع الورود,Thursday,2025-10-23,Not Available,Series,Not Available,الطهارة : من كتاب تأسيس الأحكام على ما صح من خير الأنام بشرح عمدة الأحكام.,Not Available,أحمد بن يحيى النجمي,حسن بن محمد منصور الدغريري,05 ذوالقعدة 1437,23.10.2025,Not Available,Hadeeth,Keyword Match (Thursday),matched by keywords
18,تأسيس الأحكام شرح عمدة الأحكام,جامع الورود,Thursday,2025-10-23,Not Available,Series,Not Available,( تأسيس الأحكام على ما صح من خير الأنام بشرح عمدة الأحكام ),"(012)-
✏️",أحمد بن يحيى النجمي,حسن بن محمد منصور الدغريري,Not Available,23.10.2025,Not Available,Hadeeth,Keyword Match (Thursday),matched by keywords
19,تأسيس الأحكام شرح عمدة الأحكام,جامع الورود,Thursday,2025-10-23,Not Available,Series,Not Available,الطهارة,الأول (-01)-.,أحمد بن يحيى النجمي,حسن بن محمد منصور الدغريري,Not Available,23.10.2025,Not Available,Hadeeth,Keyword Match (Thursday),matched by keywords
20,تأسيس الأحكام شرح عمدة الأحكام,جامع الورود,Thursday,2025-10-23,Not Available,Series,Not Available,الصيام : ( من كتاب تأسيس الأحكام على ما صح من خير الأنام بشرح عمدة الأحكام ),الأول (-01)-.,أحمد بن يحيى النجمي,حسن بن محمد منصور الدغريري,29 رجب 1437,23.10.2025,Not Available,Hadeeth,Keyword Match (Thursday),matched by keywords
21,تأسيس الأحكام شرح عمدة الأحكام,جامع الورود,Sunday,2025-11-30,Mp3 Editor_251129224717.mp3,Series,Not Available,Not Available,الثامن  بجامع,أحمد بن يحيى النجمي,حسن بن محمد منصور الدغريري,Not Available,30.11.2025,55:43,Hadeeth,Schedule (Sunday),none
22,تأسيس الأحكام شرح عمدة الأحكام,جامع الورود,Monday,2025-12-08,Mp3 Editor_251208205847.mp3,Series,Not Available,الصلاة بجامع الورود,الثاني من,أحمد بن يحيى النجمي,حسن بن محمد منصور الدغريري,Not Available,08.12.2025,42:51,Hadeeth,Schedule (Monday),none
23,تأسيس الأحكام شرح عمدة الأحكام,جامع الورود,Monday,2025-12-08,Mp3 Editor_251208210432.mp3,Series,Not Available,الصلاة بجامع الورود,الثالث من,أحمد بن يحيى النجمي,حسن بن محمد منصور الدغريري,Not Available,08.12.2025,33:27,Hadeeth,Schedule (Monday),none
24,تأسيس الأحكام شرح عمدة الأحكام,جامع الورود,Thursday,2025-12-11,Ringtone_AUD-20251211-WA0008.mp3,Series,Not Available,الصلاة ( ١ ),الثالث والعشرون,أحمد بن يحيى النجمي,حسن بن محمد منصور الدغريري,Not Available,11.12.2025,09:07,Hadeeth,Keyword Match (Thursday),matched by keywords
25,تأسيس الأحكام شرح عمدة الأحكام,جامع الورود,Saturday,2025-12-13,AUD-20251213-WA0001.m4a,Series,Not Available,الصلاة بجامع الورود,الأول من,أحمد بن يحيى النجمي,حسن بن محمد منصور الدغريري,Not Available,13.12.2025,45:03,Hadeeth,Keyword Match (Saturday),matched by keywords
26,تأسيس الأحكام شرح عمدة الأحكام,جامع الورود,Thursday,2025-12-18,AUD-20251217-WA0002.m4a,Series,Not Available,الصلاة ( ٢ ),الرابع والعشرون,أحمد بن يحيى النجمي,حسن بن محمد منصور الدغريري,Not Available,18.12.2025,16:01,Hadeeth,Keyword Match (Thursday),matched by keywords
27,تأسيس الأحكام شرح عمدة الأحكام,جامع الورود,Thursday,2025-12-18,AUD-20251217-WA0003.m4a,Series,Not Available,الصلاة ( ٣ ),الخامس والعشرون,أحمد بن يحيى النجمي,حسن بن محمد منصور الدغريري,Not Available,18.12.2025,16:37,Hadeeth,Keyword Match (Thursday),matched by keywords
28,تأسيس الأحكام شرح عمدة الأحكام,جامع الورود,Thursday,2025-12-18,AUD-20251208-WA0007.m4a,Series,Not Available,الصلاة بجامع الورود,الرابع من,أحمد بن يحيى النجمي,حسن بن محمد منصور الدغريري,Not Available,18.12.2025,44:32,Hadeeth,Keyword Match (Thursday),matched by keywords
29,تأسيس الأحكام شرح عمدة الأحكام,جامع الورود,Thursday,2025-12-18,AUD-20251218-WA0000.m4a,Series,Not Available,الصلاة بجامع الورود,الخامس من,أحمد بن يحيى النجمي,حسن بن محمد منصور الدغريري,Not Available,18.12.2025,52:52,Hadeeth,Keyword Match (Thursday),matched by keywords
30,تأسيس الأحكام شرح عمدة الأحكام,جامع الورود,Monday,2025-12-22,AUDIO-2025-12-22-14-05-29.m4a,Series,Not Available,الصلاة بجامع الورود,السابع من,أحمد بن يحيى النجمي,حسن بن محمد منصور الدغريري,Not Available,22.12.2025,42:29,Hadeeth,Schedule (Monday),none
31,تأسيس الأحكام شرح عمدة الأحكام,جامع الورود,Monday,2025-12-22,AUDIO-2025-12-22-17-23-19.m4a,Series,Not Available,الصلاة بجامع الورود,السادس من,أحمد بن يحيى النجمي,حسن بن محمد منصور الدغريري,Not Available,22.12.2025,50:34,Hadeeth,Schedule (Monday),none
32,تأسيس الأحكام شرح عمدة الأحكام,جامع الورود,Monday,2025-12-22,AUDIO-2025-12-22-17-31-28.m4a,Series,Not Available,الصلاة بجامع الورود,الثامن من,أحمد بن يحيى النجمي,حسن بن محمد منصور الدغريري,Not Available,22.12.2025,29:39,Hadeeth,Schedule (Monday),none
33,تأسيس الأحكام شرح عمدة الأحكام,جامع الورود,Sunday,2025-12-28,AUDIO-2025-12-28-19-49-38.m4a,Series,Not Available,الصلاة بجامع الورود,التاسع من,أحمد بن يحيى النجمي,حسن بن محمد منصور الدغريري,Not Available,28.12.2025,54:29,Hadeeth,Schedule (Sunday),none
34,تأسيس الأحكام شرح عمدة الأحكام,جامع الورود,Tuesday,2025-12-30,AUDIO-2025-12-29-20-19-23.m4a,Series,Not Available,الصلاة (٦ ),السابع والعشرون,أحمد بن يحيى النجمي,حسن بن محمد منصور الدغريري,Not Available,30.12.2025,10:29,Hadeeth,Keyword Match (Tuesday),matched by keywords
35,تأسيس الأحكام شرح عمدة الأحكام,جامع الورود,Tuesday,2025-12-30,AUDIO-2025-12-29-20-23-21.m4a,Series,Not Available,الصلاة بجامع الورود,العاشر من,أحمد بن يحيى النجمي,حسن بن محمد منصور الدغريري,Not Available,30.12.2025,53:49,Hadeeth,Keyword Match (Tuesday),matched by keywords
36,تأسيس الأحكام شرح عمدة الأحكام,جامع الورود,Thursday,2026-01-01,AUDIO-2025-12-31-17-11-22.m4a,Series,Not Available,الصلاة (٧ ),الثامن والعشرون,أحمد بن يحيى النجمي,حسن بن محمد منصور الدغريري,Not Available,01.01.2026,19:26,Hadeeth,Keyword Match (Thursday),matched by keywords
37,تأسيس الأحكام شرح عمدة الأحكام,جامع الورود,Thursday,2026-01-15,كلمة_لابن_عقيل_عن_النجمي_رحمه_الله.mp3,Series,Not Available,Not Available,Not Available,أحمد بن يحيى النجمي,حسن بن محمد منصور الدغريري,Not Available,15.01.2026,01:32,Hadeeth,Keyword Match (Thursday),matched by keywords
38,تأسيس الأحكام شرح عمدة الأحكام,جامع الورود,Monday,2026-01-19,AUDIO-2026-01-18-20-40-12.m4a,Series,Not Available,الصلاة بجامع الورود,الحادي عشر,أحمد بن يحيى النجمي,حسن بن محمد منصور الدغريري,Not Available,19.01.2026,32:54,Hadeeth,Schedule (Monday),none
39,تأسيس الأحكام شرح عمدة الأحكام,جامع الورود,Monday,2026-01-19,AUDIO-2026-01-19-18-59-34.m4a,Series,Not Available,الصلاة بجامع الورود,الثاني عشر,أحمد بن يحيى النجمي,حسن بن محمد منصور الدغريري,Not Available,19.01.2026,29:30,Hadeeth,Schedule (Monday),none
1,الملخص شرح كتاب التوحيد,جامع الورود,Tuesday,2025-10-07,Not Available,Series,Not Available,التوحيد,Not Available,صالح الفوزان,حسن بن محمد منصور الدغريري,Not Available,07.10.2025,Not Available,Aqeedah,Schedule (Tuesday),none
2,الملخص شرح كتاب التوحيد,جامع الورود,Wednesday,2025-10-08,4_5996911497937164203.mp3,Series,Not Available,التوحيد,الأول  بجامع,صالح الفوزان,حسن بن محمد منصور الدغريري,Not Available,08.10.2025,14:48,Aqeedah,Keyword Match (Wednesday),matched by keywords
3,الملخص شرح كتاب التوحيد,جامع الورود,Thursday,2025-10-09,4_5996911497937164379.mp3,Series,Not Available,التوحيد,الثاني  بجامع,صالح الفوزان,حسن بن محمد منصور الدغريري,Not Available,09.10.2025,11:47,Aqeedah,Keyword Match (Thursday),matched by keywords
4,الملخص شرح كتاب التوحيد,جامع الورود,Thursday,2025-10-09,Mp3 Editor_251009191509.mp3,Series,Not Available,التوحيد,الثالث  بجامع,صالح الفوزان,حسن بن محمد منصور الدغريري,Not Available,09.10.2025,12:41,Aqeedah,Keyword Match (Thursday),matched by keywords
5,الملخص شرح كتاب التوحيد,جامع الورود,Friday,2025-10-10,Mp3 Editor_251010203747.mp3,Series,Not Available,التوحيد,الرابع  بجامع,صالح الفوزان,حسن بن محمد منصور الدغريري,Not Available,10.10.2025,14:43,Aqeedah,Keyword Match (Friday),matched by keywords
6,الملخص شرح كتاب التوحيد,جامع الورود,Tuesday,2025-10-14,Mp3 Editor_251013233321.mp3,Series,Not Available,التوحيد,الخامس  بجامع,صالح الفوزان,حسن بن محمد منصور الدغريري,Not Available,14.10.2025,10:35,Aqeedah,Schedule (Tuesday),none
7,الملخص شرح كتاب التوحيد,جامع الورود,Wednesday,2025-10-15,Mp3 Editor_251015104410.mp3,Series,Not Available,التوحيد,السادس  بجامع,صالح الفوزان,حسن بن محمد منصور الدغريري,Not Available,15.10.2025,12:05,Aqeedah,Keyword Match (Wednesday),matched by keywords
8,الملخص شرح كتاب التوحيد,جامع الورود,Wednesday,2025-10-15,Mp3 Editor_251015105458.mp3,Series,Not Available,التوحيد,السابع  بجامع,صالح الفوزان,حسن بن محمد منصور الدغريري,Not Available,15.10.2025,14:05,Aqeedah,Keyword Match (Wednesday),matched by keywords
9,الملخص شرح كتاب التوحيد,جامع الورود,Thursday,2025-10-16,Mp3 Editor_251015223832.mp3,Series,Not Available,التوحيد,الثامن بجامع,صالح الفوزان,حسن بن محمد منصور الدغريري,Not Available,16.10.2025,06:59,Aqeedah,Keyword Match (Thursday),matched by keywords
10,الملخص شرح كتاب التوحيد,جامع الورود,Friday,2025-10-17,Mp3 Editor_251017120729.mp3,Series,Not Available,التوحيد,التاسع بجامع,صالح الفوزان,حسن بن محمد منصور الدغريري,Not Available,17.10.2025,06:47,Aqeedah,Keyword Match (Friday),matched by keywords
11,الملخص شرح كتاب التوحيد,جامع الورود,Friday,2025-10-17,Mp3 Editor_251017153618.mp3,Series,Not Available,التوحيد,العاشر بجامع,صالح الفوزان,حسن بن محمد منصور الدغريري,Not Available,17.10.2025,09:22,Aqeedah,Keyword Match (Friday),matched by keywords
12,الملخص شرح كتاب التوحيد,جامع الورود,Friday,2025-10-17,Mp3 Editor_251017170123.mp3,Series,Not Available,التوحيد,الحادي عشر,صالح الفوزان,حسن بن محمد منصور الدغريري,Not Available,17.10.2025,07:50,Aqeedah,Keyword Match (Friday),matched by keywords
13,الملخص شرح كتاب التوحيد,جامع الورود,Wednesday,2025-10-22,Mp3 Editor_251022061746.mp3,Series,Not Available,التوحيد,الثاني عشر,صالح الفوزان,حسن بن محمد منصور الدغريري,Not Available,22.10.2025,18:26,Aqeedah,Keyword Match (Wednesday),matched by keywords
14,الملخص شرح كتاب التوحيد,جامع الورود,Sunday,2025-10-26,Mp3 Editor_251026022439.mp3,Series,Not Available,التوحيد,الثالث عشر,صالح الفوزان,حسن بن محمد منصور الدغريري,Not Available,26.10.2025,09:45,Aqeedah,Schedule (Sunday),none
15,الملخص شرح كتاب التوحيد,جامع الورود,Wednesday,2025-10-29,AUD-20251029-WA0002.m4a,Series,Not Available,التوحيد,الرابع عشر,صالح الفوزان,حسن بن محمد منصور الدغريري,Not Available,29.10.2025,16:22,Aqeedah,Keyword Match (Wednesday),matched by keywords
16,الملخص شرح كتاب التوحيد,جامع الورود,Wednesday,2025-10-29,Ringtone_AUD-20251029-WA0006.mp3,Series,Not Available,التوحيد,الخامس عشر,صالح الفوزان,حسن بن محمد منصور الدغريري,Not Available,29.10.2025,07:22,Aqeedah,Keyword Match (Wednesday),matched by keywords
17,الملخص شرح كتاب التوحيد,جامع الورود,Thursday,2025-11-27,Mp3 Editor_251127124005.mp3,Series,Not Available,التوحيد,السادس عشر,صالح الفوزان,حسن بن محمد منصور الدغريري,Not Available,27.11.2025,09:15,Aqeedah,Keyword Match (Thursday),matched by keywords
18,الملخص شرح كتاب التوحيد,جامع الورود,Sunday,2025-11-30,Mp3 Editor_251129225126.mp3,Series,Not Available,التوحيد,السابع عشر,صالح الفوزان,حسن بن محمد منصور الدغريري,Not Available,30.11.2025,10:17,Aqeedah,Schedule (Sunday),none
19,الملخص شرح كتاب التوحيد,جامع الورود,Tuesday,2025-12-02,Mp3 Editor_251201223831.mp3,Series,Not Available,التوحيد,الثامن عشر,صالح الفوزان,حسن بن محمد منصور الدغريري,Not Available,02.12.2025,10:46,Aqeedah,Schedule (Tuesday),none
20,الملخص شرح كتاب التوحيد,جامع الورود,Tuesday,2025-12-02,Mp3 Editor_251202160312.mp3,Series,Not Available,التوحيد,التاسع عشر,صالح الفوزان,حسن بن محمد منصور الدغريري,Not Available,02.12.2025,06:58,Aqeedah,Schedule (Tuesday),none
21,الملخص شرح كتاب التوحيد,جامع الورود,Monday,2025-12-08,AUD-20251208-WA0006.m4a,Series,Not Available,التوحيد,العشرون بجامع,صالح الفوزان,حسن بن محمد منصور الدغريري,Not Available,08.12.2025,08:14,Aqeedah,Keyword Match (Monday),matched by keywords
22,الملخص شرح كتاب التوحيد,جامع الورود,Tuesday,2025-12-09,AUD-20251208-WA0009.m4a,Series,Not Available,التوحيد,الواحد والعشرون,صالح الفوزان,حسن بن محمد منصور الدغريري,Not Available,09.12.2025,11:28,Aqeedah,Schedule (Tuesday),none
23,الملخص شرح كتاب التوحيد,جامع الورود,Tuesday,2025-12-09,AUD-20251208-WA0010.m4a,Series,Not Available,التوحيد,الثاني والعشرون,صالح الفوزان,حسن بن محمد منصور الدغريري,Not Available,09.12.2025,13:54,Aqeedah,Schedule (Tuesday),none
24,الملخص شرح كتاب التوحيد,جامع الورود,Friday,2025-12-12,AUD-20251212-WA0000.m4a,Series,Not Available,التوحيد,الخامس والعشرون,صالح الفوزان,حسن بن محمد منصور الدغريري,Not Available,12.12.2025,17:02,Aqeedah,Keyword Match (Friday),matched by keywords
25,الملخص شرح كتاب التوحيد,جامع الورود,Thursday,2025-12-18,AUD-20251217-WA0001.m4a,Series,Not Available,التوحيد,السادس والعشرون,صالح الفوزان,حسن بن محمد منصور الدغريري,Not Available,18.12.2025,14:17,Aqeedah,Keyword Match (Thursday),matched by keywords
26,الملخص شرح كتاب التوحيد,جامع الورود,Monday,2025-12-22,AUDIO-2025-12-22-14-05-29.m4a,Series,Not Available,التوحيد,الثامن والعشرون,صالح الفوزان,حسن بن محمد منصور الدغريري,Not Available,22.12.2025,12:04,Aqeedah,Keyword Match (Monday),matched by keywords
27,الملخص شرح كتاب التوحيد,جامع الورود,Monday,2025-12-22,AUDIO-2025-12-22-17-22-12.m4a,Series,Not Available,التوحيد,السابع والعشرون,صالح الفوزان,حسن بن محمد منصور الدغريري,Not Available,22.12.2025,19:35,Aqeedah,Keyword Match (Monday),matched by keywords
28,الملخص شرح كتاب التوحيد,جامع الورود,Wednesday,2025-12-24,AUDIO-2025-12-24-17-02-49.m4a,Series,Not Available,التوحيد,التاسع والعشرون,صالح الفوزان,حسن بن محمد منصور الدغريري,Not Available,24.12.2025,08:16,Aqeedah,Keyword Match (Wednesday),matched by keywords
29,الملخص شرح كتاب التوحيد,جامع الورود,Sunday,2025-12-28,AUDIO-2025-12-28-19-47-31.m4a,Series,Not Available,التوحيد,الثلاثون بجامع,صالح الفوزان,حسن بن محمد منصور الدغريري,Not Available,28.12.2025,09:14,Aqeedah,Schedule (Sunday),none
30,الملخص شرح كتاب التوحيد,جامع الورود,Wednesday,2025-12-31,AUDIO-2025-12-30-18-50-52.m4a,Series,Not Available,التوحيد,واحد و,صالح الفوزان,حسن بن محمد منصور الدغريري,Not Available,31.12.2025,11:27,Aqeedah,Keyword Match (Wednesday),matched by keywords
31,الملخص شرح كتاب التوحيد,جامع الورود,Monday,2026-01-19,AUDIO-2026-01-18-20-41-26.m4a,Series,Not Available,التوحيد,الثاني والثلاثون,صالح الفوزان,حسن بن محمد منصور الدغريري,Not Available,19.01.2026,13:35,Aqeedah,Keyword Match (Monday),matched by keywords
1,الأفنان الندية,Online,Wednesday,2025-10-08,4_5996911497937164265.mp3,Series,Not Available,الربا -,العاشر عن,زيد بن هادي المدخلي,حسن بن محمد منصور الدغريري,Not Available,08.10.2025,18:36,Fiqh,Keyword Match (Wednesday),matched by keywords
2,الأفنان الندية,Online,Friday,2025-10-10,Mp3 Editor_251010204807.mp3,Series,Not Available,الربا -,الحادي عشر,زيد بن هادي المدخلي,حسن بن محمد منصور الدغريري,Not Available,10.10.2025,23:24,Fiqh,Keyword Match (Friday),matched by keywords
3,الأفنان الندية,Online,Friday,2025-10-10,Mp3 Editor_251010205658.mp3,Series,Not Available,الربا والقرض -,الثاني عشر,زيد بن هادي المدخلي,حسن بن محمد منصور الدغريري,Not Available,10.10.2025,10:37,Fiqh,Keyword Match (Friday),matched by keywords
4,الأفنان الندية,Online,Sunday,2025-10-26,AUD-20251026-WA0007.m4a,Series,Not Available,البيوع,الثامن عشر,زيد بن هادي المدخلي,حسن بن محمد منصور الدغريري,Not Available,26.10.2025,09:33,Fiqh,Schedule (Sunday),none
5,الأفنان الندية,Online,Sunday,2025-10-26,AUD-20251021-WA0026.m4a,Series,Not Available,البيوع,التاسع عشر,زيد بن هادي المدخلي,حسن بن محمد منصور الدغريري,Not Available,26.10.2025,17:12,Fiqh,Schedule (Sunday),none
6,الأفنان الندية,Online,Sunday,2025-10-26,AUD-20251021-WA0036.m4a,Series,Not Available,البيوع,العشرون عن,زيد بن هادي المدخلي,حسن بن محمد منصور الدغريري,Not Available,26.10.2025,18:56,Fiqh,Schedule (Sunday),none
7,الأفنان الندية,Online,Wednesday,2025-10-29,AUD-20251029-WA0000.m4a,Series,Not Available,البيوع,الواحد والعشرون,زيد بن هادي المدخلي,حسن بن محمد منصور الدغريري,Not Available,29.10.2025,25:02,Fiqh,Keyword Match (Wednesday),matched by keywords
8,الأفنان الندية,Online,Thursday,2025-11-27,AUD-20251127-WA0003.m4a,Series,Not Available,البيوع,الثاني والعشرون,زيد بن هادي المدخلي,حسن بن محمد منصور الدغريري,Not Available,27.11.2025,12:14,Fiqh,Keyword Match (Thursday),matched by keywords
9,الأفنان الندية,Online,Sunday,2025-11-30,AUD-20251129-WA0010.m4a,Series,Not Available,البيوع,الثالث والعشرون,زيد بن هادي المدخلي,حسن بن محمد منصور الدغريري,Not Available,30.11.2025,26:07,Fiqh,Schedule (Sunday),none
10,الأفنان الندية,Online,Tuesday,2025-12-02,AUD-20251202-WA0007.m4a,Series,Not Available,البيوع,السادس والعشرون,زيد بن هادي المدخلي,حسن بن محمد منصور الدغريري,Not Available,02.12.2025,24:15,Fiqh,Keyword Match (Tuesday),matched by keywords
11,الأفنان الندية,Online,Monday,2025-12-08,AUD-20251204-WA0005.m4a,Series,Not Available,البيوع,السابع والعشرون,زيد بن هادي المدخلي,حسن بن محمد منصور الدغريري,Not Available,08.12.2025,16:12,Fiqh,Schedule (Monday),none
12,الأفنان الندية,Online,Saturday,2025-12-13,AUD-20250901-WA0001.m4a,Series,Not Available,الربا -,الثامن عن,زيد بن هادي المدخلي,حسن بن محمد منصور الدغريري,Not Available,13.12.2025,27:52,Fiqh,Keyword Match (Saturday),matched by keywords
13,الأفنان الندية,Online,Saturday,2025-12-13,AUD-20251213-WA0002.m4a,Series,Not Available,الربا -,التاسع عن,زيد بن هادي المدخلي,حسن بن محمد منصور الدغريري,Not Available,13.12.2025,31:29,Fiqh,Keyword Match (Saturday),matched by keywords
14,الأفنان الندية,Online,Saturday,2025-12-13,AUD-20251213-WA0003.m4a,Series,Not Available,الربا -,الرابع والعشرون,زيد بن هادي المدخلي,حسن بن محمد منصور الدغريري,Not Available,13.12.2025,14:21,Fiqh,Keyword Match (Saturday),matched by keywords
15,الأفنان الندية,Online,Saturday,2025-12-13,AUD-20251213-WA0005.m4a,Series,Not Available,الربا -,الخامس والعشرون,زيد بن هادي المدخلي,حسن بن محمد منصور الدغريري,Not Available,13.12.2025,10:30,Fiqh,Keyword Match (Saturday),matched by keywords
16,الأفنان الندية,Online,Saturday,2025-12-13,AUD-20251213-WA0006.m4a,Series,Not Available,الربا -,الثامن والعشرون,زيد بن هادي المدخلي,حسن بن محمد منصور الدغريري,Not Available,13.12.2025,16:12,Fiqh,Keyword Match (Saturday),matched by keywords
17,الأفنان الندية,Online,Monday,2025-12-22,AUDIO-2025-12-22-14-05-29.m4a,Series,Not Available,البيوع باب الوقف -,الواحد والثلاثون,زيد بن هادي المدخلي,حسن بن محمد منصور الدغريري,Not Available,22.12.2025,19:41,Fiqh,Schedule (Monday),none
18,الأفنان الندية,Online,Monday,2025-12-22,AUDIO-2025-12-22-14-05-30.m4a,Series,Not Available,الفرائض,الاول في,زيد بن هادي المدخلي,حسن بن محمد منصور الدغريري,Not Available,22.12.2025,21:26,Fiqh,Schedule (Monday),none
19,الأفنان الندية,Online,Monday,2025-12-22,AUDIO-2025-12-22-21-23-10.m4a,Series,Not Available,الفرائض باب الوصية,الثاني في,زيد بن هادي المدخلي,حسن بن محمد منصور الدغريري,Not Available,22.12.2025,20:31,Fiqh,Schedule (Monday),none
20,الأفنان الندية,Online,Tuesday,2025-12-30,AUDIO-2025-12-29-22-32-50.m4a,Series,Not Available,الفرائض باب أنواع الإرث,الثالث في,زيد بن هادي المدخلي,حسن بن محمد منصور الدغريري,Not Available,30.12.2025,46:48,Fiqh,Keyword Match (Tuesday),matched by keywords
21,الأفنان الندية,Online,Monday,2026-01-19,AUDIO-2026-01-18-21-18-16.m4a,Series,Not Available,الفرائض باب من يرث بالنسب,الرابع في,زيد بن هادي المدخلي,حسن بن محمد منصور الدغريري,Not Available,19.01.2026,17:21,Fiqh,Schedule (Monday),none
1,Unknown,Online,Thursday,2025-10-09,4_5996911497937164380.m4a,Unknown,Not Available,Not Available,الرابع عن,Not Available,حسن بن محمد منصور الدغريري,Not Available,09.10.2025,26:56,Other,Not Matched,"Could not match to schedule (Day: Thursday, Location: Online)"
2,Unknown,Online,Tuesday,2025-10-14,Mp3 Editor_251013232558.mp3,Unknown,Not Available,السلم والقرض -,الثالث عشر,Not Available,حسن بن محمد منصور الدغريري,Not Available,14.10.2025,13:02,Other,Not Matched,"Could not match to schedule (Day: Tuesday, Location: Online)"
3,Unknown,Online,Wednesday,2025-10-15,AUD-20251012-WA0011.m4a,Unknown,Not Available,السلم والقرض -,الرابع عشر,Not Available,حسن بن محمد منصور الدغريري,Not Available,15.10.2025,23:00,Other,Not Matched,"Could not match to schedule (Day: Wednesday, Location: Online)"
4,Unknown,Online,Wednesday,2025-10-15,Mp3 Editor_251015104815.mp3,Unknown,Not Available,Not Available,السادس عن,Not Available,حسن بن محمد منصور الدغريري,Not Available,15.10.2025,28:58,Other,Not Matched,"Could not match to schedule (Day: Wednesday, Location: Online)"
5,Unknown,Online,Thursday,2025-10-16,Mp3 Editor_251015224410.mp3,Unknown,Not Available,الكتابة والإشهاد والرهن في المعاملة -,الخامس عشر,Not Available,حسن بن محمد منصور الدغريري,Not Available,16.10.2025,14:15,Other,Not Matched,"Could not match to schedule (Day: Thursday, Location: Online)"
6,Unknown,Online,Thursday,2025-10-16,Mp3 Editor_251015230010.mp3,Unknown,Not Available,الرهن -,السادس عشر,Not Available,حسن بن محمد منصور الدغريري,Not Available,16.10.2025,13:16,Other,Not Matched,"Could not match to schedule (Day: Thursday, Location: Online)"
7,Unknown,Online,Friday,2025-10-17,AUD-20251012-WA0037.m4a,Unknown,Not Available,الحوالة والضمان -,السابع عشر,Not Available,حسن بن محمد منصور الدغريري,Not Available,17.10.2025,16:31,Other,Not Matched,"Could not match to schedule (Day: Friday, Location: Online)"
8,Unknown,Online,Friday,2025-10-17,Mp3 Editor_251017165500.mp3,Unknown,Not Available,Not Available,السابع عن,Not Available,حسن بن محمد منصور الدغريري,Not Available,17.10.2025,24:03,Other,Not Matched,"Could not match to schedule (Day: Friday, Location: Online)"
9,Unknown,Online,Sunday,2025-10-26,AUD-20251021-WA0054.m4a,Unknown,Not Available,Not Available,الثامن عن,Not Available,حسن بن محمد منصور الدغريري,Not Available,26.10.2025,38:24,Other,Not Matched,"Could not match to schedule (Day: Sunday, Location: Online)"
10,Unknown,Online,Wednesday,2025-10-29,AUD-20251028-WA0003.m4a,Unknown,Not Available,Not Available,التاسع عن,Not Available,حسن بن محمد منصور الدغريري,Not Available,29.10.2025,20:27,Other,Not Matched,"Could not match to schedule (Day: Wednesday, Location: Online)"
11,Unknown,Online,Tuesday,2025-12-09,AUD-20251208-WA0011.m4a,Unknown,Not Available,الطلاق: باب العدة .,الثامن عن,Not Available,حسن بن محمد منصور الدغريري,Not Available,09.12.2025,25:14,Other,Not Matched,"Could not match to schedule (Day: Tuesday, Location: Online)"
12,Unknown,Online,Saturday,2025-12-13,AUD-20251213-WA0004.m4a,Unknown,Not Available,الهبة والعمرى والركبة -,التاسع والعشرون,Not Available,حسن بن محمد منصور الدغريري,Not Available,13.12.2025,41:02,Other,Not Matched,"Could not match to schedule (Day: Saturday, Location: Online)"
13,Unknown,Online,Saturday,2025-12-13,AUD-20251213-WA0007.m4a,Unknown,Not Available,Not Available,الثاني عن,Not Available,حسن بن محمد منصور الدغريري,Not Available,13.12.2025,12:50,Other,Not Matched,"Could not match to schedule (Day: Saturday, Location: Online)"
14,Unknown,Online,Saturday,2025-12-13,AUD-20250903-WA0000.m4a,Unknown,Not Available,Not Available,الثالث عن,Not Available,حسن بن محمد منصور الدغريري,Not Available,13.12.2025,11:08,Other,Not Matched,"Could not match to schedule (Day: Saturday, Location: Online)"
15,Unknown,Online,Saturday,2025-12-13,AUD-20251213-WA0008.m4a,Unknown,Not Available,Not Available,الخامس عن,Not Available,حسن بن محمد منصور الدغريري,Not Available,13.12.2025,16:16,Other,Not Matched,"Could not match to schedule (Day: Saturday, Location: Online)"
16,Unknown,Online,Saturday,2025-12-13,AUD-20251213-WA0009.m4a,Unknown,Not Available,Not Available,العاشر عن,Not Available,حسن بن محمد منصور الدغريري,Not Available,13.12.2025,18:14,Other,Not Matched,"Could not match to schedule (Day: Saturday, Location: Online)"
17,Unknown,Online,Saturday,2025-12-13,AUD-20251213-WA0010.m4a,Unknown,Not Available,Not Available,الرابع عشر,Not Available,حسن بن محمد منصور الدغريري,Not Available,13.12.2025,26:10,Other,Not Matched,"Could not match to schedule (Day: Saturday, Location: Online)"
18,Unknown,Online,Thursday,2025-12-18,AUD-20251217-WA0005.m4a,Unknown,Not Available,الأرض الموات -,الثلاثون عن,Not Available,حسن بن محمد منصور الدغريري,Not Available,18.12.2025,11:39,Other,Not Matched,"Could not match to schedule (Day: Thursday, Location: Online)"
19,Unknown,Online,Thursday,2025-12-18,AUD-20251217-WA0004.m4a,Unknown,Not Available,الأرض الموات -,الواحد والثلاثون,Not Available,حسن بن محمد منصور الدغريري,Not Available,18.12.2025,19:41,Other,Not Matched,"Could not match to schedule (Day: Thursday, Location: Online)"
20,Unknown,Online,Monday,2025-12-22,Not Available,Unknown,Not Available,Not Available,الخامس عشر,Not Available,حسن بن محمد منصور الدغريري,Not Available,22.12.2025,Not Available,Other,Not Matched,"Could not match to schedule (Day: Monday, Location: Online)"
21,Unknown,Online,Wednesday,2025-12-31,AUDIO-2025-12-30-21-23-04.m4a,Unknown,Not Available,Not Available,السادس عشر,Not Available,حسن بن محمد منصور الدغريري,Not Available,31.12.2025,18:49,Other,Not Matched,"Could not match to schedule (Day: Wednesday, Location: Online)"
1,الملخص الفقهي,جامع الورود,Wednesday,2025-10-15,Mp3 Editor_251015105923.mp3,Series,Not Available,Not Available,السادس بجامع,صالح الفوزان,حسن بن محمد منصور الدغريري,Not Available,15.10.2025,08:34,Fiqh,Schedule (Wednesday),none
2,الملخص الفقهي,جامع الورود,Wednesday,2025-10-29,AUD-20251029-WA0004.m4a,Series,Not Available,Not Available,الرابع عشر,صالح الفوزان,حسن بن محمد منصور الدغريري,Not Available,29.10.2025,05:56,Fiqh,Schedule (Wednesday),none
3,الملخص الفقهي,جامع الورود,Monday,2025-12-08,Mp3 Editor_251208211500 (1).mp3,Series,Not Available,Not Available,العشرون بجامع,صالح الفوزان,حسن بن محمد منصور الدغريري,Not Available,08.12.2025,12:09,Fiqh,Schedule (Monday),none
4,الملخص الفقهي,جامع الورود,Monday,2025-12-22,AUDIO-2025-12-22-17-25-03.m4a,Series,Not Available,الصلاة ( ٤ ),السادس والعشرون,صالح الفوزان,حسن بن محمد منصور الدغريري,Not Available,22.12.2025,10:17,Fiqh,Schedule (Monday),none
5,الملخص الفقهي,جامع الورود,Wednesday,2025-12-24,AUDIO-2025-12-24-17-02-41.m4a,Series,Not Available,الصلاة (٥ ),السادس والعشرون,صالح الفوزان,حسن بن محمد منصور الدغريري,Not Available,24.12.2025,19:29,Fiqh,Schedule (Wednesday),none
6,الملخص الفقهي,جامع الورود,Monday,2026-01-19,AUDIO-2026-01-19-18-59-14.m4a,Series,Not Available,الصلاة (٨ ),التاسع والعشرون,صالح الفوزان,حسن بن محمد منصور الدغريري,Not Available,19.01.2026,17:21,Fiqh,Schedule (Monday),none
1,تأسيس الأحكام شرح عمدة الأحكام,Online,Sunday,2025-10-26,AUD-20251022-WA0024.m4a,Series,Not Available,النكاح: باب الصداق .,السابع عن,أحمد بن يحيى النجمي,حسن بن محمد منصور الدغريري,Not Available,26.10.2025,20:30,Hadeeth,Keyword Match (Sunday),matched by keywords
2,تأسيس الأحكام شرح عمدة الأحكام,Online,Monday,2025-12-22,AUDIO-2025-12-22-07-20-24.m4a,Series,Not Available,اللعان,الاول عن,أحمد بن يحيى النجمي,حسن بن محمد منصور الدغريري,Not Available,22.12.2025,29:17,Hadeeth,Keyword Match (Monday),matched by keywords
3,تأسيس الأحكام شرح عمدة الأحكام,Online,Friday,2025-12-26,AUDIO-2025-12-25-21-15-03.m4a,Series,Not Available,اللعان,الثاني عن,أحمد بن يحيى النجمي,حسن بن محمد منصور الدغريري,Not Available,26.12.2025,21:52,Hadeeth,Keyword Match (Friday),matched by keywords
4,تأسيس الأحكام شرح عمدة الأحكام,Online,Thursday,2026-01-01,AUDIO-2025-12-31-23-27-32.m4a,Series,Not Available,اللعان,الثالث عن,أحمد بن يحيى النجمي,حسن بن محمد منصور الدغريري,Not Available,01.01.2026,21:03,Hadeeth,Keyword Match (Thursday),matched by keywords
1,معارج القبول شرح منظومة سلم الوصول,Online,Tuesday,2025-10-07,Not Available,Series,Not Available,Not Available,Not Available,حافظ حكمي,حسن بن محمد منصور الدغريري,Not Available,07.10.2025,Not Available,Aqeedah,Schedule (Tuesday),none
2,معارج القبول شرح منظومة سلم الوصول,Online,Tuesday,2025-12-09,AUD-20251208-WA0008.m4a,Series,Not Available,Not Available,الثالث عشر,حافظ حكمي,حسن بن محمد منصور الدغريري,Not Available,09.12.2025,28:36,Aqeedah,Schedule (Tuesday),none
1,مختصر السيرة النبوية,جامع الورود,Saturday,2026-01-03,AUDIO-2026-01-03-09-52-35.m4a,Series,Not Available,Not Available,الثاني بجامع,محمد بن عبدالوهاب,حسن بن محمد منصور الدغريري,Not Available,03.01.2026,36:08,Seerah,Schedule (Saturday),none
2,مختصر السيرة النبوية,جامع الورود,Saturday,2026-01-17,AUDIO-2026-01-17-14-54-56.m4a,Series,Not Available,Not Available,الثالث بجامع,محمد بن عبدالوهاب,حسن بن محمد منصور الدغريري,Not Available,17.01.2026,27:14,Seerah,Schedule (Saturday),none
1,التحفة النجمية بشرح الأربعين النووية,جامع الورود,Saturday,2026-01-03,AUDIO-2026-01-03-09-53-46.m4a,Series,Not Available,Not Available,الثالث بجامع,أحمد النجمي,حسن بن محمد منصور الدغريري,Not Available,03.01.2026,44:09,Hadeeth,Schedule (Saturday),none
2,التحفة النجمية بشرح الأربعين النووية,جامع الورود,Saturday,2026-01-17,AUDIO-2026-01-17-14-56-45.m4a,Series,Not Available,Not Available,الرابع بجامع,أحمد النجمي,حسن بن محمد منصور الدغريري,Not Available,17.01.2026,37:06,Hadeeth,Schedule (Saturday),none
1,تنبيه الانام على ما في كتاب سبل السلام من الفوائد والأحكام,جامع الورود,Saturday,2026-01-03,Subulussalam.m4a,Series,Not Available,سبل السلام من الفوائد والأحكام,الثالث من,أحمد النجمي,حسن بن محمد منصور الدغريري,Not Available,03.01.2026,46:17,Fiqh,Schedule (Saturday),none
2,تنبيه الانام على ما في كتاب سبل السلام من الفوائد والأحكام,جامع الورود,Saturday,2026-01-17,AUDIO-2026-01-17-14-52-58.m4a,Series,Not Available,سبل السلام من الفوائد والأحكام,الرابع من,أحمد النجمي,حسن بن محمد منصور الدغريري,Not Available,17.01.2026,43:41,Fiqh,Schedule (Saturday),none
1,الملخص شرح كتاب التوحيد,Online,Friday,2025-12-19,Not Available,Series,Not Available,التوحيد للإمام محمد بن عبدالوهاب 818871,Not Available,صالح الفوزان,حسن بن محمد منصور الدغريري,Not Available,19.12.2025,Not Available,Aqeedah,Keyword Match (Friday),matched by keywords
1,صحيح البخاري,جامع الورود,Friday,2026-01-02,AUD-20260102-WA0002.m4a,Series,Not Available,العلم والإيمان (من حديث ١ - ٣٠),الأول كتاب,محمد بن إسماعيل البخاري,حسن بن محمد منصور الدغريري,Not Available,02.01.2026,1:07,Hadeeth,Schedule (Friday),none
1,شرح السنة للبربهاري,جامع الورود,Sunday,2026-01-11,Not Available,Series,Not Available,والسنة ؛ ومن ذلكم ما يلي:,Not Available,أحمد النجمي,حسن بن محمد منصور الدغريري,Not Available,11.01.2026,Not Available,Aqeedah,Keyword Match (Sunday),matched by keywords
1,إرشاد الساري شرح السنة للبربهاري,جامع الورود,Saturday,2026-01-17,AUDIO-2026-01-17-19-28-05.m4a,Series,Not Available,Not Available,الرابع عشر,أحمد النجمي,حسن بن محمد منصور الدغريري,Not Available,17.01.2026,45:08,Aqeedah,Schedule (Saturday),none
1,المورد العذب الزلال,جامع الورود,Saturday,2026-01-17,AUDIO-2026-01-17-21-35-58.m4a,Series,Not Available,Not Available,الثامن بجامع,أحمد النجمي,حسن بن محمد منصور الدغريري,Not Available,17.01.2026,20:37,Aqeedah,Schedule (Saturday),none
1,غنية السائل بما في لامية شيخ الإسلام من مسائل,جامع الورود,Saturday,2026-01-17,AUDIO-2026-01-17-21-42-37.m4a,Lecture,Not Available,Not Available,Not Available,أحمد النجمي,حسن بن محمد منصور الدغريري,Not Available,17.01.2026,51:16,Aqeedah,Schedule (Saturday),none
