TelegramFileName,Type,Topic,SeriesName,SequenceInSeries,SubTopic,Serial,OriginalAuthor,Location/Online,Sheikh,DateInArabic,DateInGreg,DayOfWeek,ClipLength,Category,MatchedBy,doubtsStatus
Not Available,Series,Not Available,تأسيس الأحكام شرح عمدة الأحكام,1,التوحيد,Not Available,أحمد بن يحيى النجمي,جامع الورود,حسن بن محمد منصور الدغريري,Not Available,07.10.2025,Tuesday,Not Available,Hadeeth,Manual-style (1),"Day mismatch: Tuesday (expected: Sunday, Monday)"
4_5992475423785622177 (1).mp3,Series,Not Available,تأسيس الأحكام شرح عمدة الأحكام,2,النكاح (١),الثاني والتسعون,أحمد بن يحيى النجمي,جامع الورود,حسن بن محمد منصور الدغريري,Not Available,07.10.2025,Tuesday,13:34,Hadeeth,Manual-style (1),"Day mismatch: Tuesday (expected: Sunday, Monday)"
4_5996911497937164392.mp3,Series,Not Available,تأسيس الأحكام شرح عمدة الأحكام,3,النكاح (٢),الثالث والتسعون,أحمد بن يحيى النجمي,جامع الورود,حسن بن محمد منصور الدغريري,Not Available,09.10.2025,Thursday,17:24,Hadeeth,Manual-style (1),"Day mismatch: Thursday (expected: Sunday, Monday)"
Mp3 Editor_251010210205.mp3,Series,Not Available,تأسيس الأحكام شرح عمدة الأحكام,4,النكاح (٣),الرابع والتسعون,أحمد بن يحيى النجمي,جامع الورود,حسن بن محمد منصور الدغريري,Not Available,10.10.2025,Friday,24:59,Hadeeth,Manual-style (1),"Day mismatch: Friday (expected: Sunday, Monday)"
Mp3 Editor_251013152911.mp3,Series,Not Available,تأسيس الأحكام شرح عمدة الأحكام,5,الطهارة,الأول  من,أحمد بن يحيى النجمي,جامع الورود,حسن بن محمد منصور الدغريري,Not Available,13.10.2025,Monday,46:46,Hadeeth,Manual-style (1),none
Mp3 Editor_251013232021.mp3,Series,Not Available,تأسيس الأحكام شرح عمدة الأحكام,6,Not Available,الثاني  بجامع,أحمد بن يحيى النجمي,جامع الورود,حسن بن محمد منصور الدغريري,Not Available,14.10.2025,Tuesday,36:30,Hadeeth,Manual-style (1),"Day mismatch: Tuesday (expected: Sunday, Monday)"
Mp3 Editor_251015085009.mp3,Series,Not Available,تأسيس الأحكام شرح عمدة الأحكام,7,Not Available,الثالث  بجامع,أحمد بن يحيى النجمي,جامع الورود,حسن بن محمد منصور الدغريري,Not Available,15.10.2025,Wednesday,42:13,Hadeeth,Manual-style (1),"Day mismatch: Wednesday (expected: Sunday, Monday)"
Mp3 Editor_251015221637.mp3,Series,Not Available,تأسيس الأحكام شرح عمدة الأحكام,8,النكاح (٤),الخامس والتسعون,أحمد بن يحيى النجمي,جامع الورود,حسن بن محمد منصور الدغريري,Not Available,16.10.2025,Thursday,19:26,Hadeeth,Manual-style (1),"Day mismatch: Thursday (expected: Sunday, Monday)"
AUD-20251012-WA0033.m4a,Series,Not Available,تأسيس الأحكام شرح عمدة الأحكام,9,النكاح (٥),السادس والتسعون,أحمد بن يحيى النجمي,جامع الورود,حسن بن محمد منصور الدغريري,Not Available,17.10.2025,Friday,16:15,Hadeeth,Manual-style (1),"Day mismatch: Friday (expected: Sunday, Monday)"
AUD-20251015-WA0055.m4a,Series,Not Available,تأسيس الأحكام شرح عمدة الأحكام,10,النكاح (٦),السابع والتسعون,أحمد بن يحيى النجمي,جامع الورود,حسن بن محمد منصور الدغريري,Not Available,17.10.2025,Friday,22:15,Hadeeth,Manual-style (1),"Day mismatch: Friday (expected: Sunday, Monday)"
Mp3 Editor_251022060402.mp3,Series,Not Available,تأسيس الأحكام شرح عمدة الأحكام,11,Not Available,الرابع  بجامع,أحمد بن يحيى النجمي,جامع الورود,حسن بن محمد منصور الدغريري,Not Available,22.10.2025,Wednesday,53:01,Hadeeth,Manual-style (1),"Day mismatch: Wednesday (expected: Sunday, Monday)"
Mp3 Editor_251022060954.mp3,Series,Not Available,تأسيس الأحكام شرح عمدة الأحكام,12,Not Available,الخامس  بجامع,أحمد بن يحيى النجمي,جامع الورود,حسن بن محمد منصور الدغريري,Not Available,22.10.2025,Wednesday,57:12,Hadeeth,Manual-style (1),"Day mismatch: Wednesday (expected: Sunday, Monday)"
Not Available,Series,Not Available,تأسيس الأحكام شرح عمدة الأحكام,13,الصيام :( من كتاب تأسيس الأحكام على ما صح من خير الأنام بشرح عمدة الأحكام ),"(-02)-
✏️",أحمد بن يحيى النجمي,جامع الورود,حسن بن محمد منصور الدغريري,29 رجب 1437,23.10.2025,Thursday,Not Available,Hadeeth,Manual-style (1),"Day mismatch: Thursday (expected: Sunday, Monday)"
Not Available,Series,Not Available,تأسيس الأحكام شرح عمدة الأحكام,14,الصيام :( من كتاب تأسيس الأحكام على ما صح من خير الأنام بشرح عمدة الأحكام ),"(-03)-
✏️",أحمد بن يحيى النجمي,جامع الورود,حسن بن محمد منصور الدغريري,Not Available,23.10.2025,Thursday,Not Available,Hadeeth,Manual-style (1),"Day mismatch: Thursday (expected: Sunday, Monday)"
Not Available,Series,Not Available,تأسيس الأحكام شرح عمدة الأحكام,15,الصيام :( من كتاب تأسيس الأحكام على ما صح من خير الأنام بشرح عمدة الأحكام ),"(-04)-
✏️",أحمد بن يحيى النجمي,جامع الورود,حسن بن محمد منصور الدغريري,Not Available,23.10.2025,Thursday,Not Available,Hadeeth,Manual-style (1),"Day mismatch: Thursday (expected: Sunday, Monday)"
Not Available,Series,Not Available,تأسيس الأحكام شرح عمدة الأحكام,16,الصيام :( من كتاب تأسيس الأحكام على ما صح من خير الأنام بشرح عمدة الأحكام ),"(-05)-
✏️",أحمد بن يحيى النجمي,جامع الورود,حسن بن محمد منصور الدغريري,Not Available,23.10.2025,Thursday,Not Available,Hadeeth,Manual-style (1),"Day mismatch: Thursday (expected: Sunday, Monday)"
Not Available,Series,Not Available,تأسيس الأحكام شرح عمدة الأحكام,17,الصيام : ( من كتاب تأسيس الأحكام على ما صح من خير الأنام بشرح عمدة الأحكام ),"(-06)-
✏️",أحمد بن يحيى النجمي,جامع الورود,حسن بن محمد منصور الدغريري,Not Available,23.10.2025,Thursday,Not Available,Hadeeth,Manual-style (1),"Day mismatch: Thursday (expected: Sunday, Monday)"
Not Available,Series,Not Available,تأسيس الأحكام شرح عمدة الأحكام,18,الصيام : ( من كتاب تأسيس الأحكام على ما صح من خير الأنام بشرح عمدة الأحكام ),"(-07)-
✏️",أحمد بن يحيى النجمي,جامع الورود,حسن بن محمد منصور الدغريري,Not Available,23.10.2025,Thursday,Not Available,Hadeeth,Manual-style (1),"Day mismatch: Thursday (expected: Sunday, Monday)"
Not Available,Series,Not Available,تأسيس الأحكام شرح عمدة الأحكام,19,الصيام : ( من كتاب تأسيس الأحكام على ما صح من خير الأنام بشرح عمدة الأحكام ),الأول (-01)-.,أحمد بن يحيى النجمي,جامع الورود,حسن بن محمد منصور الدغريري,29 رجب 1437,23.10.2025,Thursday,Not Available,Hadeeth,Manual-style (1),"Day mismatch: Thursday (expected: Sunday, Monday)"
Not Available,Series,Not Available,تأسيس الأحكام شرح عمدة الأحكام,20,الطهارة,الأول (-01)-.,أحمد بن يحيى النجمي,جامع الورود,حسن بن محمد منصور الدغريري,Not Available,23.10.2025,Thursday,Not Available,Hadeeth,Manual-style (1),"Day mismatch: Thursday (expected: Sunday, Monday)"
Not Available,Series,Not Available,تأسيس الأحكام شرح عمدة الأحكام,21,( تأسيس الأحكام على ما صح من خير الأنام بشرح عمدة الأحكام ),"(10)-
✏️",أحمد بن يحيى النجمي,جامع الورود,حسن بن محمد منصور الدغريري,20 شوال 1437,23.10.2025,Thursday,Not Available,Hadeeth,Manual-style (1),"Day mismatch: Thursday (expected: Sunday, Monday)"
Not Available,Series,Not Available,تأسيس الأحكام شرح عمدة الأحكام,22,الطهارة : من كتاب تأسيس الأحكام على ما صح من خير الأنام بشرح عمدة الأحكام.,Not Available,أحمد بن يحيى النجمي,جامع الورود,حسن بن محمد منصور الدغريري,05 ذوالقعدة 1437,23.10.2025,Thursday,Not Available,Hadeeth,Manual-style (1),"Day mismatch: Thursday (expected: Sunday, Monday)"
Not Available,Series,Not Available,تأسيس الأحكام شرح عمدة الأحكام,23,( تأسيس الأحكام على ما صح من خير الأنام بشرح عمدة الأحكام ),"(012)-
✏️",أحمد بن يحيى النجمي,جامع الورود,حسن بن محمد منصور الدغريري,Not Available,23.10.2025,Thursday,Not Available,Hadeeth,Manual-style (1),"Day mismatch: Thursday (expected: Sunday, Monday)"
Not Available,Series,Not Available,تأسيس الأحكام شرح عمدة الأحكام,24,الطهارة,الأول (-01)-.,أحمد بن يحيى النجمي,جامع الورود,حسن بن محمد منصور الدغريري,Not Available,23.10.2025,Thursday,Not Available,Hadeeth,Manual-style (1),"Day mismatch: Thursday (expected: Sunday, Monday)"
Not Available,Series,Not Available,تأسيس الأحكام شرح عمدة الأحكام,25,Not Available,"(024)-
✏️",أحمد بن يحيى النجمي,جامع الورود,حسن بن محمد منصور الدغريري,Not Available,23.10.2025,Thursday,Not Available,Hadeeth,Manual-style (1),"Day mismatch: Thursday (expected: Sunday, Monday)"
Not Available,Series,Not Available,تأسيس الأحكام شرح عمدة الأحكام,26,Not Available,025 *,أحمد بن يحيى النجمي,جامع الورود,حسن بن محمد منصور الدغريري,Not Available,23.10.2025,Thursday,Not Available,Hadeeth,Manual-style (1),"Day mismatch: Thursday (expected: Sunday, Monday)"
Not Available,Series,Not Available,تأسيس الأحكام شرح عمدة الأحكام,27,Not Available,026 *,أحمد بن يحيى النجمي,جامع الورود,حسن بن محمد منصور الدغريري,Not Available,23.10.2025,Thursday,Not Available,Hadeeth,Manual-style (1),"Day mismatch: Thursday (expected: Sunday, Monday)"
Not Available,Series,Not Available,تأسيس الأحكام شرح عمدة الأحكام,28,Not Available,027 *,أحمد بن يحيى النجمي,جامع الورود,حسن بن محمد منصور الدغريري,Not Available,23.10.2025,Thursday,Not Available,Hadeeth,Manual-style (1),"Day mismatch: Thursday (expected: Sunday, Monday)"
Not Available,Series,Not Available,تأسيس الأحكام شرح عمدة الأحكام,29,Not Available,التاسع والعشرون,أحمد بن يحيى النجمي,جامع الورود,حسن بن محمد منصور الدغريري,Not Available,23.10.2025,Thursday,Not Available,Hadeeth,Manual-style (1),"Day mismatch: Thursday (expected: Sunday, Monday)"
Not Available,Series,Not Available,تأسيس الأحكام شرح عمدة الأحكام,30,الصيام : ( من كتاب تأسيس الأحكام على ما صح من خير الأنام بشرح عمدة الأحكام ),الأول (-01)-.,أحمد بن يحيى النجمي,جامع الورود,حسن بن محمد منصور الدغريري,29 رجب 1437,23.10.2025,Thursday,Not Available,Hadeeth,Manual-style (1),"Day mismatch: Thursday (expected: Sunday, Monday)"
التعليق_على_كتاب_﴿تأسيس_الأحكام_على_ما_صح_من_خير_الأنام_بشرح_عمدة.mp3,Series,Not Available,تأسيس الأحكام شرح عمدة الأحكام,31,﴿,(33),أحمد بن يحيى النجمي,جامع الورود,حسن بن محمد منصور الدغريري,Not Available,23.10.2025,Thursday,38:42,Hadeeth,Manual-style (1),"Day mismatch: Thursday (expected: Sunday, Monday)"
التعليق_على_كتاب_﴿تأسيس_الأحكام_على_ما_صح_من_خير_الأنام_بشرح_عمدة.mp3,Series,Not Available,تأسيس الأحكام شرح عمدة الأحكام,32,﴿,(34),أحمد بن يحيى النجمي,جامع الورود,حسن بن محمد منصور الدغريري,Not Available,23.10.2025,Thursday,22:36,Hadeeth,Manual-style (1),"Day mismatch: Thursday (expected: Sunday, Monday)"
التعليق_على_تأسيس_الأحكام_على_ما_صح_من_خير_الأنام_بشرح_zos88VZk4dU.m4a,Series,Not Available,تأسيس الأحكام شرح عمدة الأحكام,33,﴿,(37),أحمد بن يحيى النجمي,جامع الورود,حسن بن محمد منصور الدغريري,Not Available,23.10.2025,Thursday,27:12,Hadeeth,Manual-style (1),"Day mismatch: Thursday (expected: Sunday, Monday)"
التعليق_على_كتاب_﴿تأسيس_الأحكام_على_ما_صح_من_خير_الأنام_بشرح_عمدة.mp3,Series,Not Available,تأسيس الأحكام شرح عمدة الأحكام,34,﴿,(35),أحمد بن يحيى النجمي,جامع الورود,حسن بن محمد منصور الدغريري,Not Available,23.10.2025,Thursday,45:14,Hadeeth,Manual-style (1),"Day mismatch: Thursday (expected: Sunday, Monday)"
التعليق_على_كتاب_﴿تأسيس_الأحكام_على_ما_صح_من_خير_الأنام_بشرح_عمدة.mp3,Series,Not Available,تأسيس الأحكام شرح عمدة الأحكام,35,﴿,(36),أحمد بن يحيى النجمي,جامع الورود,حسن بن محمد منصور الدغريري,Not Available,23.10.2025,Thursday,26:21,Hadeeth,Manual-style (1),"Day mismatch: Thursday (expected: Sunday, Monday)"
التعليق_على_كتاب_تأسيس_الأحكام_على_ما_صح_من_خير_الأنام_بشرح_عمدة.mp3,Series,Not Available,تأسيس الأحكام شرح عمدة الأحكام,36,﴿,(37),أحمد بن يحيى النجمي,جامع الورود,حسن بن محمد منصور الدغريري,Not Available,23.10.2025,Thursday,26:21,Hadeeth,Manual-style (1),"Day mismatch: Thursday (expected: Sunday, Monday)"
التعليق_على_كتاب_تأسيس_الأحكام_على_ما_صح_من_خير_الأنام_بشرح_عمدة.mp3,Series,Not Available,تأسيس الأحكام شرح عمدة الأحكام,37,﴿,(38),أحمد بن يحيى النجمي,جامع الورود,حسن بن محمد منصور الدغريري,Not Available,23.10.2025,Thursday,27:47,Hadeeth,Manual-style (1),"Day mismatch: Thursday (expected: Sunday, Monday)"
التعليق_على_كتاب_تأسيس_الأحكام_على_ما_صح_من_خير_الأنام_بشرح_عمدة.mp3,Series,Not Available,تأسيس الأحكام شرح عمدة الأحكام,38,﴿,(39),أحمد بن يحيى النجمي,جامع الورود,حسن بن محمد منصور الدغريري,Not Available,23.10.2025,Thursday,29:10,Hadeeth,Manual-style (1),"Day mismatch: Thursday (expected: Sunday, Monday)"
التعليق_على_كتاب_تأسيس_الأحكام_على_ما_صح_من_خير_الأنام_بشرح_عمدة.mp3,Series,Not Available,تأسيس الأحكام شرح عمدة الأحكام,39,﴿,(40),أحمد بن يحيى النجمي,جامع الورود,حسن بن محمد منصور الدغريري,Not Available,23.10.2025,Thursday,33:18,Hadeeth,Manual-style (1),"Day mismatch: Thursday (expected: Sunday, Monday)"
Mp3 Editor_251127124529.mp3,Series,Not Available,تأسيس الأحكام شرح عمدة الأحكام,40,Not Available,السادس  بجامع,أحمد بن يحيى النجمي,جامع الورود,حسن بن محمد منصور الدغريري,Not Available,27.11.2025,Thursday,42:40,Hadeeth,Manual-style (1),"Day mismatch: Thursday (expected: Sunday, Monday)"
Mp3 Editor_251127133948.mp3,Series,Not Available,تأسيس الأحكام شرح عمدة الأحكام,41,Not Available,السابع  بجامع,أحمد بن يحيى النجمي,جامع الورود,حسن بن محمد منصور الدغريري,Not Available,27.11.2025,Thursday,43:57,Hadeeth,Manual-style (1),"Day mismatch: Thursday (expected: Sunday, Monday)"
Mp3 Editor_251129224717.mp3,Series,Not Available,تأسيس الأحكام شرح عمدة الأحكام,42,Not Available,الثامن  بجامع,أحمد بن يحيى النجمي,جامع الورود,حسن بن محمد منصور الدغريري,Not Available,30.11.2025,Sunday,55:43,Hadeeth,Manual-style (1),none
Mp3 Editor_251202153513.mp3,Series,Not Available,تأسيس الأحكام شرح عمدة الأحكام,43,Not Available,التاسع ونهاية,أحمد بن يحيى النجمي,جامع الورود,حسن بن محمد منصور الدغريري,Not Available,02.12.2025,Tuesday,55:49,Hadeeth,Manual-style (1),"Day mismatch: Tuesday (expected: Sunday, Monday)"
Mp3 Editor_251208205847.mp3,Series,Not Available,تأسيس الأحكام شرح عمدة الأحكام,44,الصلاة بجامع الورود,الثاني من,أحمد بن يحيى النجمي,جامع الورود,حسن بن محمد منصور الدغريري,Not Available,08.12.2025,Monday,42:51,Hadeeth,Manual-style (1),none
Mp3 Editor_251208210432.mp3,Series,Not Available,تأسيس الأحكام شرح عمدة الأحكام,45,الصلاة بجامع الورود,الثالث من,أحمد بن يحيى النجمي,جامع الورود,حسن بن محمد منصور الدغريري,Not Available,08.12.2025,Monday,33:27,Hadeeth,Manual-style (1),none
AUD-20251213-WA0001.m4a,Series,Not Available,تأسيس الأحكام شرح عمدة الأحكام,46,الصلاة بجامع الورود,الأول من,أحمد بن يحيى النجمي,جامع الورود,حسن بن محمد منصور الدغريري,Not Available,13.12.2025,Saturday,45:03,Hadeeth,Manual-style (1),"Day mismatch: Saturday (expected: Sunday, Monday)"
AUD-20251208-WA0007.m4a,Series,Not Available,تأسيس الأحكام شرح عمدة الأحكام,47,الصلاة بجامع الورود,الرابع من,أحمد بن يحيى النجمي,جامع الورود,حسن بن محمد منصور الدغريري,Not Available,18.12.2025,Thursday,44:32,Hadeeth,Manual-style (1),"Day mismatch: Thursday (expected: Sunday, Monday)"
AUD-20251218-WA0000.m4a,Series,Not Available,تأسيس الأحكام شرح عمدة الأحكام,48,الصلاة بجامع الورود,الخامس من,أحمد بن يحيى النجمي,جامع الورود,حسن بن محمد منصور الدغريري,Not Available,18.12.2025,Thursday,52:52,Hadeeth,Manual-style (1),"Day mismatch: Thursday (expected: Sunday, Monday)"
AUDIO-2025-12-22-14-05-29.m4a,Series,Not Available,تأسيس الأحكام شرح عمدة الأحكام,49,الصلاة بجامع الورود,السابع من,أحمد بن يحيى النجمي,جامع الورود,حسن بن محمد منصور الدغريري,Not Available,22.12.2025,Monday,42:29,Hadeeth,Manual-style (1),none
AUDIO-2025-12-22-17-23-19.m4a,Series,Not Available,تأسيس الأحكام شرح عمدة الأحكام,50,الصلاة بجامع الورود,السادس من,أحمد بن يحيى النجمي,جامع الورود,حسن بن محمد منصور الدغريري,Not Available,22.12.2025,Monday,50:34,Hadeeth,Manual-style (1),none
AUDIO-2025-12-22-17-31-28.m4a,Series,Not Available,تأسيس الأحكام شرح عمدة الأحكام,51,الصلاة بجامع الورود,الثامن من,أحمد بن يحيى النجمي,جامع الورود,حسن بن محمد منصور الدغريري,Not Available,22.12.2025,Monday,29:39,Hadeeth,Manual-style (1),none
AUDIO-2025-12-28-19-49-38.m4a,Series,Not Available,تأسيس الأحكام شرح عمدة الأحكام,52,الصلاة بجامع الورود,التاسع من,أحمد بن يحيى النجمي,جامع الورود,حسن بن محمد منصور الدغريري,Not Available,28.12.2025,Sunday,54:29,Hadeeth,Manual-style (1),none
AUDIO-2025-12-29-20-23-21.m4a,Series,Not Available,تأسيس الأحكام شرح عمدة الأحكام,53,الصلاة بجامع الورود,العاشر من,أحمد بن يحيى النجمي,جامع الورود,حسن بن محمد منصور الدغريري,Not Available,30.12.2025,Tuesday,53:49,Hadeeth,Manual-style (1),"Day mismatch: Tuesday (expected: Sunday, Monday)"
AUDIO-2026-01-18-20-40-12.m4a,Series,Not Available,تأسيس الأحكام شرح عمدة الأحكام,54,الصلاة بجامع الورود,الحادي عشر,أحمد بن يحيى النجمي,جامع الورود,حسن بن محمد منصور الدغريري,Not Available,19.01.2026,Monday,32:54,Hadeeth,Manual-style (1),none
AUDIO-2026-01-19-18-59-34.m4a,Series,Not Available,تأسيس الأحكام شرح عمدة الأحكام,55,الصلاة بجامع الورود,الثاني عشر,أحمد بن يحيى النجمي,جامع الورود,حسن بن محمد منصور الدغريري,Not Available,19.01.2026,Monday,29:30,Hadeeth,Manual-style (1),none
مفاسد المظاهرات.m4a,Khutba,#خطبة_الجمعة,Not Available,1,Not Available,Not Available,Not Available,جامع الورود,حسن بن محمد منصور الدغريري,Not Available,03.10.2025,Friday,14:56,Other,Khutba Detection,none
Not Available,Khutba,Not Available,Not Available,2,Not Available,Not Available,Not Available,جامع الورود,حسن بن محمد منصور الدغريري,30 شعبان 1438,03.10.2025,Friday,Not Available,Other,Khutba Detection,none
4_5996911497937164125.mp3,Khutba,الخطبة: حقوق كبار السن.,Not Available,3,Not Available,Not Available,Not Available,جامع الورود,حسن بن محمد منصور الدغريري,٢٧/  ٠٣/ ١٤٤٧,08.10.2025,Wednesday,08:23,Other,Khutba Detection,not on Friday
Mp3 Editor_251010210714.mp3,Khutba,الخطبة: النعم في السعودية.,Not Available,4,Not Available,Not Available,Not Available,جامع الورود,حسن بن محمد منصور الدغريري,٤ / ٤ / ١٤٤٧,10.10.2025,Friday,07:44,Other,Khutba Detection,none
Mp3 Editor_251010212128.mp3,Khutba,الخطبة:,Not Available,5,Not Available,Not Available,Not Available,جامع الورود,حسن بن محمد منصور الدغريري,١٨/ ٤ / ١٤٤٧,10.10.2025,Friday,09:08,Other,Khutba Detection,none
Not Available,Khutba,"مستل من خطبة الجمعة:
فصل الشتاء",Not Available,6,Not Available,Not Available,Not Available,جامع الورود,حسن بن محمد منصور الدغريري,Not Available,28.11.2025,Friday,Not Available,Other,Khutba Detection,none
AUD-20251201-WA0005.mp3,Khutba,#خطبة_الاستسقاء,Not Available,7,Not Available,Not Available,Not Available,جامع الورود,حسن بن محمد منصور الدغريري,٢٢ / ٥ / ١٤٤٧,02.12.2025,Tuesday,08:17,Other,Khutba Detection,not on Friday
Ringtone_AUD-20251207-WA0004.mp3,Khutba,#خطبة_الجمعة,Not Available,8,Not Available,Not Available,Not Available,جامع الورود,حسن بن محمد منصور الدغريري,Not Available,08.12.2025,Monday,10:07,Other,Khutba Detection,not on Friday
AUD-20251213-WA0013.m4a,Khutba,الخطبة:,Not Available,9,Not Available,Not Available,Not Available,جامع الورود,حسن بن محمد منصور الدغريري,٢١ / ٦ / ١٤٤٧,13.12.2025,Saturday,10:17,Other,Khutba Detection,not on Friday
AUDIO-2025-12-26-14-10-13.m4a,Khutba,الخطبة:,Not Available,10,Not Available,Not Available,Not Available,جامع الورود,حسن بن محمد منصور الدغريري,٦ / ٧ / ١٤٤٧,26.12.2025,Friday,09:40,Other,Khutba Detection,none
قناة مجالس العلم النافع – خطر المظاهرات في الإسلام,Unknown,Not Available,Not Available,11,Not Available,Not Available,Not Available,جامع الورود,حسن بن محمد منصور الدغريري,Not Available,03.10.2025,Friday,18:58,Other,Unmatched,Could not match to any series
Mp3 Editor_251026014231.mp3,Unknown,Not Available,Not Available,12,Not Available,الأول  بجامع,Not Available,جامع الورود,حسن بن محمد منصور الدغريري,Not Available,26.10.2025,Sunday,48:16,Other,Unmatched,Could not match to any series
Mp3 Editor_251026073039.mp3,Unknown,Not Available,Not Available,13,Not Available,الثاني  بجامع,Not Available,جامع الورود,حسن بن محمد منصور الدغريري,Not Available,26.10.2025,Sunday,1:08,Other,Unmatched,Could not match to any series
Mp3 Editor_251202161629.mp3,Unknown,Not Available,Not Available,14,Not Available,الرابع  بجامع,Not Available,جامع الورود,حسن بن محمد منصور الدغريري,Not Available,02.12.2025,Tuesday,1:03,Other,Unmatched,Could not match to any series
AUD-20251208-WA0004.m4a,Unknown,Not Available,Not Available,15,Not Available,الخامس  بجامع,Not Available,جامع الورود,حسن بن محمد منصور الدغريري,Not Available,08.12.2025,Monday,34:44,Other,Unmatched,Could not match to any series
AUD-20251208-WA0005.m4a,Unknown,Not Available,Not Available,16,Not Available,السادس  بجامع,Not Available,جامع الورود,حسن بن محمد منصور الدغريري,Not Available,08.12.2025,Monday,56:16,Other,Unmatched,Could not match to any series
AUD-20251111-WA0001.m4a,Unknown,Not Available,Not Available,17,Not Available,الثالث  بجامع,Not Available,جامع الورود,حسن بن محمد منصور الدغريري,Not Available,09.12.2025,Tuesday,41:24,Other,Unmatched,Could not match to any series
AUD-20251215-WA0002.m4a,Unknown,Not Available,Not Available,18,Not Available,السابع بجامع,Not Available,جامع الورود,حسن بن محمد منصور الدغريري,Not Available,15.12.2025,Monday,39:52,Other,Unmatched,Could not match to any series
Not Available,Unknown,Not Available,Not Available,19,Not Available,Not Available,Not Available,جامع الورود,حسن بن محمد منصور الدغريري,Not Available,18.12.2025,Thursday,Not Available,Other,Unmatched,Could not match to any series
Not Available,Unknown,Not Available,Not Available,20,Not Available,Not Available,Not Available,جامع الورود,حسن بن محمد منصور الدغريري,٢٦ / ٦ / ١٤٤٧,18.12.2025,Thursday,Not Available,Other,Unmatched,Could not match to any series
AUDIO-2025-12-22-14-05-28.m4a,Unknown,Not Available,Not Available,21,Not Available,الثامن بجامع,Not Available,جامع الورود,حسن بن محمد منصور الدغريري,Not Available,22.12.2025,Monday,33:42,Other,Unmatched,Could not match to any series
Not Available,Unknown,Not Available,Not Available,22,Not Available,Not Available,Not Available,جامع الورود,حسن بن محمد منصور الدغريري,Not Available,24.12.2025,Wednesday,Not Available,Other,Unmatched,Could not match to any series
Not Available,Unknown,Not Available,Not Available,23,Not Available,Not Available,Not Available,جامع الورود,حسن بن محمد منصور الدغريري,Not Available,24.12.2025,Wednesday,Not Available,Other,Unmatched,Could not match to any series
Not Available,Unknown,Not Available,Not Available,24,Not Available,Not Available,Not Available,جامع الورود,حسن بن محمد منصور الدغريري,Not Available,25.12.2025,Thursday,Not Available,Other,Unmatched,Could not match to any series
AUDIO-2025-12-27-19-33-23.m4a,Unknown,Not Available,Not Available,25,التعليقات البهية على الرسائل العقدية) بجامع الورود,التاسع (آخر,Not Available,جامع الورود,حسن بن محمد منصور الدغريري,Not Available,28.12.2025,Sunday,1:04,Other,Unmatched,Could not match to any series
Not Available,Unknown,Not Available,Not Available,26,Not Available,الافنان,Not Available,جامع الورود,حسن بن محمد منصور الدغريري,Not Available,28.12.2025,Sunday,Not Available,Other,Unmatched,Could not match to any series
Not Available,Unknown,Not Available,Not Available,27,Not Available,Not Available,Not Available,جامع الورود,حسن بن محمد منصور الدغريري,Not Available,02.01.2026,Friday,Not Available,Other,Unmatched,Could not match to any series
AUD-20260103-WA0003.opus,Unknown,Not Available,Not Available,28,Not Available,Not Available,Not Available,جامع الورود,حسن بن محمد منصور الدغريري,Not Available,03.01.2026,Saturday,34:23,Other,Unmatched,Could not match to any series
AUDIO-2026-01-07-19-05-05.m4a,Unknown,Not Available,Not Available,29,Not Available,Not Available,Not Available,جامع الورود,حسن بن محمد منصور الدغريري,١٨ / ٧ / ١٤٤٧,08.01.2026,Thursday,48:20,Other,Unmatched,Could not match to any series
Not Available,Unknown,Not Available,Not Available,30,الله، وسنة رسول الله صلى الله عليه وسلم على فهم السلف الصالح، وأن يأخذ بأقوال العلماء السلفيين الراس,Not Available,Not Available,جامع الورود,حسن بن محمد منصور الدغريري,٢٢ / ٧ / ١٤٤٧,11.01.2026,Sunday,Not Available,Other,Unmatched,Could not match to any series
Not Available,Unknown,Not Available,Not Available,31,Not Available,Not Available,Not Available,جامع الورود,حسن بن محمد منصور الدغريري,Not Available,14.01.2026,Wednesday,Not Available,Other,Unmatched,Could not match to any series
Not Available,Unknown,Not Available,Not Available,32,Not Available,Not Available,Not Available,جامع الورود,حسن بن محمد منصور الدغريري,Not Available,14.01.2026,Wednesday,Not Available,Other,Unmatched,Could not match to any series
كلمة_لابن_عقيل_عن_النجمي_رحمه_الله.mp3,Unknown,Not Available,Not Available,33,Not Available,Not Available,Not Available,جامع الورود,حسن بن محمد منصور الدغريري,Not Available,15.01.2026,Thursday,01:32,Other,Unmatched,Could not match to any series
Not Available,Unknown,Not Available,Not Available,34,ونحوها ، وقد قال الله تعالى : ( وَأَنَّ الْمَسَاجِدَ لِلَّهِ فَلَا تَدْعُوا مَعَ اللَّهِ أَحَدًا ) (,Not Available,Not Available,جامع الورود,حسن بن محمد منصور الدغريري,Not Available,17.01.2026,Saturday,Not Available,Other,Unmatched,Could not match to any series
ÇáÔíÎ ÍÓä Èä ãÍãÏ ãäÕæÑ ÏÛÑíÑí – ÝÖá ÇáÚáã æãäÒáÉ Ãåáå,Unknown,Not Available,Not Available,35,Not Available,Not Available,Not Available,جامع الورود,حسن بن محمد منصور الدغريري,Not Available,18.01.2026,Sunday,32:54,Other,Unmatched,Could not match to any series
Not Available,Unknown,Not Available,Not Available,36,Not Available,الافنان,Not Available,جامع الورود,حسن بن محمد منصور الدغريري,Not Available,18.01.2026,Sunday,Not Available,Other,Unmatched,Could not match to any series
Not Available,Unknown,Not Available,Not Available,37,Not Available,Not Available,Not Available,جامع الورود,حسن بن محمد منصور الدغريري,Not Available,18.01.2026,Sunday,Not Available,Other,Unmatched,Could not match to any series
4_5996911497937164203.mp3,Series,Not Available,الملخص شرح كتاب التوحيد,1,التوحيد,الأول  بجامع,صالح الفوزان,جامع الورود,حسن بن محمد منصور الدغريري,Not Available,08.10.2025,Wednesday,14:48,Aqeedah,Manual-style (2),"Day mismatch: Wednesday (expected: Sunday, Tuesday)"
4_5996911497937164379.mp3,Series,Not Available,الملخص شرح كتاب التوحيد,2,التوحيد,الثاني  بجامع,صالح الفوزان,جامع الورود,حسن بن محمد منصور الدغريري,Not Available,09.10.2025,Thursday,11:47,Aqeedah,Manual-style (2),"Day mismatch: Thursday (expected: Sunday, Tuesday)"
Mp3 Editor_251009191509.mp3,Series,Not Available,الملخص شرح كتاب التوحيد,3,التوحيد,الثالث  بجامع,صالح الفوزان,جامع الورود,حسن بن محمد منصور الدغريري,Not Available,09.10.2025,Thursday,12:41,Aqeedah,Manual-style (2),"Day mismatch: Thursday (expected: Sunday, Tuesday)"
Mp3 Editor_251010203747.mp3,Series,Not Available,الملخص شرح كتاب التوحيد,4,التوحيد,الرابع  بجامع,صالح الفوزان,جامع الورود,حسن بن محمد منصور الدغريري,Not Available,10.10.2025,Friday,14:43,Aqeedah,Manual-style (2),"Day mismatch: Friday (expected: Sunday, Tuesday)"
Mp3 Editor_251013233321.mp3,Series,Not Available,الملخص شرح كتاب التوحيد,5,التوحيد,الخامس  بجامع,صالح الفوزان,جامع الورود,حسن بن محمد منصور الدغريري,Not Available,14.10.2025,Tuesday,10:35,Aqeedah,Manual-style (2),none
Mp3 Editor_251015104410.mp3,Series,Not Available,الملخص شرح كتاب التوحيد,6,التوحيد,السادس  بجامع,صالح الفوزان,جامع الورود,حسن بن محمد منصور الدغريري,Not Available,15.10.2025,Wednesday,12:05,Aqeedah,Manual-style (2),"Day mismatch: Wednesday (expected: Sunday, Tuesday)"
Mp3 Editor_251015105458.mp3,Series,Not Available,الملخص شرح كتاب التوحيد,7,التوحيد,السابع  بجامع,صالح الفوزان,جامع الورود,حسن بن محمد منصور الدغريري,Not Available,15.10.2025,Wednesday,14:05,Aqeedah,Manual-style (2),"Day mismatch: Wednesday (expected: Sunday, Tuesday)"
Mp3 Editor_251015223832.mp3,Series,Not Available,الملخص شرح كتاب التوحيد,8,التوحيد,الثامن بجامع,صالح الفوزان,جامع الورود,حسن بن محمد منصور الدغريري,Not Available,16.10.2025,Thursday,06:59,Aqeedah,Manual-style (2),"Day mismatch: Thursday (expected: Sunday, Tuesday)"
Mp3 Editor_251017120729.mp3,Series,Not Available,الملخص شرح كتاب التوحيد,9,التوحيد,التاسع بجامع,صالح الفوزان,جامع الورود,حسن بن محمد منصور الدغريري,Not Available,17.10.2025,Friday,06:47,Aqeedah,Manual-style (2),"Day mismatch: Friday (expected: Sunday, Tuesday)"
Mp3 Editor_251017153618.mp3,Series,Not Available,الملخص شرح كتاب التوحيد,10,التوحيد,العاشر بجامع,صالح الفوزان,جامع الورود,حسن بن محمد منصور الدغريري,Not Available,17.10.2025,Friday,09:22,Aqeedah,Manual-style (2),"Day mismatch: Friday (expected: Sunday, Tuesday)"
Mp3 Editor_251017170123.mp3,Series,Not Available,الملخص شرح كتاب التوحيد,11,التوحيد,الحادي عشر,صالح الفوزان,جامع الورود,حسن بن محمد منصور الدغريري,Not Available,17.10.2025,Friday,07:50,Aqeedah,Manual-style (2),"Day mismatch: Friday (expected: Sunday, Tuesday)"
Mp3 Editor_251022061746.mp3,Series,Not Available,الملخص شرح كتاب التوحيد,12,التوحيد,الثاني عشر,صالح الفوزان,جامع الورود,حسن بن محمد منصور الدغريري,Not Available,22.10.2025,Wednesday,18:26,Aqeedah,Manual-style (2),"Day mismatch: Wednesday (expected: Sunday, Tuesday)"
Mp3 Editor_251026022439.mp3,Series,Not Available,الملخص شرح كتاب التوحيد,13,التوحيد,الثالث عشر,صالح الفوزان,جامع الورود,حسن بن محمد منصور الدغريري,Not Available,26.10.2025,Sunday,09:45,Aqeedah,Manual-style (2),none
AUD-20251029-WA0002.m4a,Series,Not Available,الملخص شرح كتاب التوحيد,14,التوحيد,الرابع عشر,صالح الفوزان,جامع الورود,حسن بن محمد منصور الدغريري,Not Available,29.10.2025,Wednesday,16:22,Aqeedah,Manual-style (2),"Day mismatch: Wednesday (expected: Sunday, Tuesday)"
Ringtone_AUD-20251029-WA0006.mp3,Series,Not Available,الملخص شرح كتاب التوحيد,15,التوحيد,الخامس عشر,صالح الفوزان,جامع الورود,حسن بن محمد منصور الدغريري,Not Available,29.10.2025,Wednesday,07:22,Aqeedah,Manual-style (2),"Day mismatch: Wednesday (expected: Sunday, Tuesday)"
Mp3 Editor_251127124005.mp3,Series,Not Available,الملخص شرح كتاب التوحيد,16,التوحيد,السادس عشر,صالح الفوزان,جامع الورود,حسن بن محمد منصور الدغريري,Not Available,27.11.2025,Thursday,09:15,Aqeedah,Manual-style (2),"Day mismatch: Thursday (expected: Sunday, Tuesday)"
Mp3 Editor_251129225126.mp3,Series,Not Available,الملخص شرح كتاب التوحيد,17,التوحيد,السابع عشر,صالح الفوزان,جامع الورود,حسن بن محمد منصور الدغريري,Not Available,30.11.2025,Sunday,10:17,Aqeedah,Manual-style (2),none
Mp3 Editor_251201223831.mp3,Series,Not Available,الملخص شرح كتاب التوحيد,18,التوحيد,الثامن عشر,صالح الفوزان,جامع الورود,حسن بن محمد منصور الدغريري,Not Available,02.12.2025,Tuesday,10:46,Aqeedah,Manual-style (2),none
Mp3 Editor_251202160312.mp3,Series,Not Available,الملخص شرح كتاب التوحيد,19,التوحيد,التاسع عشر,صالح الفوزان,جامع الورود,حسن بن محمد منصور الدغريري,Not Available,02.12.2025,Tuesday,06:58,Aqeedah,Manual-style (2),none
AUD-20251208-WA0006.m4a,Series,Not Available,الملخص شرح كتاب التوحيد,20,التوحيد,العشرون بجامع,صالح الفوزان,جامع الورود,حسن بن محمد منصور الدغريري,Not Available,08.12.2025,Monday,08:14,Aqeedah,Manual-style (2),"Day mismatch: Monday (expected: Sunday, Tuesday)"
AUD-20251208-WA0009.m4a,Series,Not Available,الملخص شرح كتاب التوحيد,21,التوحيد,الواحد والعشرون,صالح الفوزان,جامع الورود,حسن بن محمد منصور الدغريري,Not Available,09.12.2025,Tuesday,11:28,Aqeedah,Manual-style (2),none
AUD-20251208-WA0010.m4a,Series,Not Available,الملخص شرح كتاب التوحيد,22,التوحيد,الثاني والعشرون,صالح الفوزان,جامع الورود,حسن بن محمد منصور الدغريري,Not Available,09.12.2025,Tuesday,13:54,Aqeedah,Manual-style (2),none
AUD-20251212-WA0000.m4a,Series,Not Available,الملخص شرح كتاب التوحيد,23,التوحيد,الخامس والعشرون,صالح الفوزان,جامع الورود,حسن بن محمد منصور الدغريري,Not Available,12.12.2025,Friday,17:02,Aqeedah,Manual-style (2),"Day mismatch: Friday (expected: Sunday, Tuesday)"
AUD-20251217-WA0001.m4a,Series,Not Available,الملخص شرح كتاب التوحيد,24,التوحيد,السادس والعشرون,صالح الفوزان,جامع الورود,حسن بن محمد منصور الدغريري,Not Available,18.12.2025,Thursday,14:17,Aqeedah,Manual-style (2),"Day mismatch: Thursday (expected: Sunday, Tuesday)"
AUDIO-2025-12-22-14-05-29.m4a,Series,Not Available,الملخص شرح كتاب التوحيد,25,التوحيد,الثامن والعشرون,صالح الفوزان,جامع الورود,حسن بن محمد منصور الدغريري,Not Available,22.12.2025,Monday,12:04,Aqeedah,Manual-style (2),"Day mismatch: Monday (expected: Sunday, Tuesday)"
AUDIO-2025-12-22-17-22-12.m4a,Series,Not Available,الملخص شرح كتاب التوحيد,26,التوحيد,السابع والعشرون,صالح الفوزان,جامع الورود,حسن بن محمد منصور الدغريري,Not Available,22.12.2025,Monday,19:35,Aqeedah,Manual-style (2),"Day mismatch: Monday (expected: Sunday, Tuesday)"
AUDIO-2025-12-24-17-02-49.m4a,Series,Not Available,الملخص شرح كتاب التوحيد,27,التوحيد,التاسع والعشرون,صالح الفوزان,جامع الورود,حسن بن محمد منصور الدغريري,Not Available,24.12.2025,Wednesday,08:16,Aqeedah,Manual-style (2),"Day mismatch: Wednesday (expected: Sunday, Tuesday)"
AUDIO-2025-12-28-19-47-31.m4a,Series,Not Available,الملخص شرح كتاب التوحيد,28,التوحيد,الثلاثون بجامع,صالح الفوزان,جامع الورود,حسن بن محمد منصور الدغريري,Not Available,28.12.2025,Sunday,09:14,Aqeedah,Manual-style (2),none
AUDIO-2025-12-30-18-50-52.m4a,Series,Not Available,الملخص شرح كتاب التوحيد,29,التوحيد,واحد و,صالح الفوزان,جامع الورود,حسن بن محمد منصور الدغريري,Not Available,31.12.2025,Wednesday,11:27,Aqeedah,Manual-style (2),"Day mismatch: Wednesday (expected: Sunday, Tuesday)"
Not Available,Series,Not Available,الملخص شرح كتاب التوحيد,30,والسنة ؛ ومن ذلكم ما يلي:,Not Available,صالح الفوزان,جامع الورود,حسن بن محمد منصور الدغريري,Not Available,11.01.2026,Sunday,Not Available,Aqeedah,Manual-style (2),none
AUDIO-2026-01-18-20-41-26.m4a,Series,Not Available,الملخص شرح كتاب التوحيد,31,التوحيد,الثاني والثلاثون,صالح الفوزان,جامع الورود,حسن بن محمد منصور الدغريري,Not Available,19.01.2026,Monday,13:35,Aqeedah,Manual-style (2),"Day mismatch: Monday (expected: Sunday, Tuesday)"
4_5999163297750849130.mp3,Series,Not Available,الملخص الفقهي,1,Not Available,الأول  بجامع,صالح الفوزان,جامع الورود,حسن بن محمد منصور الدغريري,Not Available,09.10.2025,Thursday,11:05,Fiqh,Manual-style (3),"Day mismatch: Thursday (expected: Monday, Wednesday)"
Mp3 Editor_251010051137.mp3,Series,Not Available,الملخص الفقهي,2,Not Available,الثاني  بجامع,صالح الفوزان,جامع الورود,حسن بن محمد منصور الدغريري,Not Available,10.10.2025,Friday,10:03,Fiqh,Manual-style (3),"Day mismatch: Friday (expected: Monday, Wednesday)"
4_5999204516551989829.mp3,Series,Not Available,الملخص الفقهي,3,Not Available,الثالث  بجامع,صالح الفوزان,جامع الورود,حسن بن محمد منصور الدغريري,Not Available,10.10.2025,Friday,12:42,Fiqh,Manual-style (3),"Day mismatch: Friday (expected: Monday, Wednesday)"
Mp3 Editor_251010204311.mp3,Series,Not Available,الملخص الفقهي,4,Not Available,الرابع  بجامع,صالح الفوزان,جامع الورود,حسن بن محمد منصور الدغريري,Not Available,10.10.2025,Friday,11:58,Fiqh,Manual-style (3),"Day mismatch: Friday (expected: Monday, Wednesday)"
Mp3 Editor_251013233847.mp3,Series,Not Available,الملخص الفقهي,5,Not Available,الخامس  بجامع,صالح الفوزان,جامع الورود,حسن بن محمد منصور الدغريري,Not Available,14.10.2025,Tuesday,15:41,Fiqh,Manual-style (3),"Day mismatch: Tuesday (expected: Monday, Wednesday)"
Mp3 Editor_251015105923.mp3,Series,Not Available,الملخص الفقهي,6,Not Available,السادس بجامع,صالح الفوزان,جامع الورود,حسن بن محمد منصور الدغريري,Not Available,15.10.2025,Wednesday,08:34,Fiqh,Manual-style (3),none
Mp3 Editor_251015222016.mp3,Series,Not Available,الملخص الفقهي,7,Not Available,السابع بجامع,صالح الفوزان,جامع الورود,حسن بن محمد منصور الدغريري,Not Available,16.10.2025,Thursday,13:12,Fiqh,Manual-style (3),"Day mismatch: Thursday (expected: Monday, Wednesday)"
Mp3 Editor_251015225547.mp3,Series,Not Available,الملخص الفقهي,8,Not Available,الثامن بجامع,صالح الفوزان,جامع الورود,حسن بن محمد منصور الدغريري,Not Available,16.10.2025,Thursday,09:58,Fiqh,Manual-style (3),"Day mismatch: Thursday (expected: Monday, Wednesday)"
Mp3 Editor_251017121802.mp3,Series,Not Available,الملخص الفقهي,9,Not Available,التاسع بجامع,صالح الفوزان,جامع الورود,حسن بن محمد منصور الدغريري,Not Available,17.10.2025,Friday,08:25,Fiqh,Manual-style (3),"Day mismatch: Friday (expected: Monday, Wednesday)"
Mp3 Editor_251017153959.mp3,Series,Not Available,الملخص الفقهي,10,Not Available,العاشر بجامع,صالح الفوزان,جامع الورود,حسن بن محمد منصور الدغريري,Not Available,17.10.2025,Friday,05:16,Fiqh,Manual-style (3),"Day mismatch: Friday (expected: Monday, Wednesday)"
Mp3 Editor_251017170646.mp3,Series,Not Available,الملخص الفقهي,11,Not Available,الحادي عشر,صالح الفوزان,جامع الورود,حسن بن محمد منصور الدغريري,Not Available,17.10.2025,Friday,08:37,Fiqh,Manual-style (3),"Day mismatch: Friday (expected: Monday, Wednesday)"
Mp3 Editor_251026021742.mp3,Series,Not Available,الملخص الفقهي,12,Not Available,الثاني عشر,صالح الفوزان,جامع الورود,حسن بن محمد منصور الدغريري,Not Available,26.10.2025,Sunday,11:02,Fiqh,Manual-style (3),"Day mismatch: Sunday (expected: Monday, Wednesday)"
Mp3 Editor_251026023758.mp3,Series,Not Available,الملخص الفقهي,13,Not Available,الثالث عشر,صالح الفوزان,جامع الورود,حسن بن محمد منصور الدغريري,Not Available,26.10.2025,Sunday,10:56,Fiqh,Manual-style (3),"Day mismatch: Sunday (expected: Monday, Wednesday)"
AUD-20251029-WA0004.m4a,Series,Not Available,الملخص الفقهي,14,Not Available,الرابع عشر,صالح الفوزان,جامع الورود,حسن بن محمد منصور الدغريري,Not Available,29.10.2025,Wednesday,05:56,Fiqh,Manual-style (3),none
Not Available,Series,Not Available,الملخص الفقهي,15,Not Available,Not Available,صالح الفوزان,جامع الورود,حسن بن محمد منصور الدغريري,Not Available,29.10.2025,Wednesday,Not Available,Fiqh,Manual-style (3),none
AUD-20251104-WA0000.m4a,Series,Not Available,الملخص الفقهي,16,Not Available,الخامس عشر,صالح الفوزان,جامع الورود,حسن بن محمد منصور الدغريري,Not Available,04.11.2025,Tuesday,15:18,Fiqh,Manual-style (3),"Day mismatch: Tuesday (expected: Monday, Wednesday)"
Mp3 Editor_251127133423.mp3,Series,Not Available,الملخص الفقهي,17,Not Available,السادس عشر,صالح الفوزان,جامع الورود,حسن بن محمد منصور الدغريري,Not Available,27.11.2025,Thursday,12:43,Fiqh,Manual-style (3),"Day mismatch: Thursday (expected: Monday, Wednesday)"
Mp3 Editor_251201224432.mp3,Series,Not Available,الملخص الفقهي,18,Not Available,الثامن عشر,صالح الفوزان,جامع الورود,حسن بن محمد منصور الدغريري,Not Available,02.12.2025,Tuesday,11:25,Fiqh,Manual-style (3),"Day mismatch: Tuesday (expected: Monday, Wednesday)"
Mp3 Editor_251208211500 (1).mp3,Series,Not Available,الملخص الفقهي,19,Not Available,العشرون بجامع,صالح الفوزان,جامع الورود,حسن بن محمد منصور الدغريري,Not Available,08.12.2025,Monday,12:09,Fiqh,Manual-style (3),none
Mp3 Editor_251208225109.mp3,Series,Not Available,الملخص الفقهي,20,Not Available,الواحد والعشرون,صالح الفوزان,جامع الورود,حسن بن محمد منصور الدغريري,Not Available,09.12.2025,Tuesday,12:00,Fiqh,Manual-style (3),"Day mismatch: Tuesday (expected: Monday, Wednesday)"
Mp3 Editor_251208230041.mp3,Series,Not Available,الملخص الفقهي,21,Not Available,الثاني والعشرون,صالح الفوزان,جامع الورود,حسن بن محمد منصور الدغريري,Not Available,09.12.2025,Tuesday,22:07,Fiqh,Manual-style (3),"Day mismatch: Tuesday (expected: Monday, Wednesday)"
AUD-20251211-WA0003.m4a,Series,Not Available,الملخص الفقهي,22,Not Available,السابع عشر,صالح الفوزان,جامع الورود,حسن بن محمد منصور الدغريري,Not Available,11.12.2025,Thursday,12:52,Fiqh,Manual-style (3),"Day mismatch: Thursday (expected: Monday, Wednesday)"
AUD-20251211-WA0007.m4a,Series,Not Available,الملخص الفقهي,23,Not Available,التاسع عشر,صالح الفوزان,جامع الورود,حسن بن محمد منصور الدغريري,Not Available,11.12.2025,Thursday,13:20,Fiqh,Manual-style (3),"Day mismatch: Thursday (expected: Monday, Wednesday)"
Ringtone_AUD-20251211-WA0008.mp3,Series,Not Available,الملخص الفقهي,24,الصلاة ( ١ ),الثالث والعشرون,صالح الفوزان,جامع الورود,حسن بن محمد منصور الدغريري,Not Available,11.12.2025,Thursday,09:07,Fiqh,Manual-style (3),"Day mismatch: Thursday (expected: Monday, Wednesday)"
AUD-20251217-WA0002.m4a,Series,Not Available,الملخص الفقهي,25,الصلاة ( ٢ ),الرابع والعشرون,صالح الفوزان,جامع الورود,حسن بن محمد منصور الدغريري,Not Available,18.12.2025,Thursday,16:01,Fiqh,Manual-style (3),"Day mismatch: Thursday (expected: Monday, Wednesday)"
AUD-20251217-WA0003.m4a,Series,Not Available,الملخص الفقهي,26,الصلاة ( ٣ ),الخامس والعشرون,صالح الفوزان,جامع الورود,حسن بن محمد منصور الدغريري,Not Available,18.12.2025,Thursday,16:37,Fiqh,Manual-style (3),"Day mismatch: Thursday (expected: Monday, Wednesday)"
AUDIO-2025-12-22-17-25-03.m4a,Series,Not Available,الملخص الفقهي,27,الصلاة ( ٤ ),السادس والعشرون,صالح الفوزان,جامع الورود,حسن بن محمد منصور الدغريري,Not Available,22.12.2025,Monday,10:17,Fiqh,Manual-style (3),none
AUDIO-2025-12-24-17-02-41.m4a,Series,Not Available,الملخص الفقهي,28,الصلاة (٥ ),السادس والعشرون,صالح الفوزان,جامع الورود,حسن بن محمد منصور الدغريري,Not Available,24.12.2025,Wednesday,19:29,Fiqh,Manual-style (3),none
AUDIO-2025-12-29-20-19-23.m4a,Series,Not Available,الملخص الفقهي,29,الصلاة (٦ ),السابع والعشرون,صالح الفوزان,جامع الورود,حسن بن محمد منصور الدغريري,Not Available,30.12.2025,Tuesday,10:29,Fiqh,Manual-style (3),"Day mismatch: Tuesday (expected: Monday, Wednesday)"
AUDIO-2025-12-31-17-11-22.m4a,Series,Not Available,الملخص الفقهي,30,الصلاة (٧ ),الثامن والعشرون,صالح الفوزان,جامع الورود,حسن بن محمد منصور الدغريري,Not Available,01.01.2026,Thursday,19:26,Fiqh,Manual-style (3),"Day mismatch: Thursday (expected: Monday, Wednesday)"
AUDIO-2026-01-19-18-59-14.m4a,Series,Not Available,الملخص الفقهي,31,الصلاة (٨ ),التاسع والعشرون,صالح الفوزان,جامع الورود,حسن بن محمد منصور الدغريري,Not Available,19.01.2026,Monday,17:21,Fiqh,Manual-style (3),none
4_5996911497937164265.mp3,Series,Not Available,الأفنان الندية,1,الربا -,العاشر عن,زيد بن هادي المدخلي,Online,حسن بن محمد منصور الدغريري,Not Available,08.10.2025,Wednesday,18:36,Fiqh,Manual-style (4),"Day mismatch: Wednesday (expected: Sunday, Monday)"
Mp3 Editor_251010204807.mp3,Series,Not Available,الأفنان الندية,2,الربا -,الحادي عشر,زيد بن هادي المدخلي,Online,حسن بن محمد منصور الدغريري,Not Available,10.10.2025,Friday,23:24,Fiqh,Manual-style (4),"Day mismatch: Friday (expected: Sunday, Monday)"
Mp3 Editor_251010205658.mp3,Series,Not Available,الأفنان الندية,3,الربا والقرض -,الثاني عشر,زيد بن هادي المدخلي,Online,حسن بن محمد منصور الدغريري,Not Available,10.10.2025,Friday,10:37,Fiqh,Manual-style (4),"Day mismatch: Friday (expected: Sunday, Monday)"
Mp3 Editor_251013232558.mp3,Series,Not Available,الأفنان الندية,4,السلم والقرض -,الثالث عشر,زيد بن هادي المدخلي,Online,حسن بن محمد منصور الدغريري,Not Available,14.10.2025,Tuesday,13:02,Fiqh,Manual-style (4),"Day mismatch: Tuesday (expected: Sunday, Monday)"
AUD-20251012-WA0011.m4a,Series,Not Available,الأفنان الندية,5,السلم والقرض -,الرابع عشر,زيد بن هادي المدخلي,Online,حسن بن محمد منصور الدغريري,Not Available,15.10.2025,Wednesday,23:00,Fiqh,Manual-style (4),"Day mismatch: Wednesday (expected: Sunday, Monday)"
Mp3 Editor_251015224410.mp3,Series,Not Available,الأفنان الندية,6,الكتابة والإشهاد والرهن في المعاملة -,الخامس عشر,زيد بن هادي المدخلي,Online,حسن بن محمد منصور الدغريري,Not Available,16.10.2025,Thursday,14:15,Fiqh,Manual-style (4),"Day mismatch: Thursday (expected: Sunday, Monday)"
Mp3 Editor_251015230010.mp3,Series,Not Available,الأفنان الندية,7,الرهن -,السادس عشر,زيد بن هادي المدخلي,Online,حسن بن محمد منصور الدغريري,Not Available,16.10.2025,Thursday,13:16,Fiqh,Manual-style (4),"Day mismatch: Thursday (expected: Sunday, Monday)"
AUD-20251012-WA0037.m4a,Series,Not Available,الأفنان الندية,8,الحوالة والضمان -,السابع عشر,زيد بن هادي المدخلي,Online,حسن بن محمد منصور الدغريري,Not Available,17.10.2025,Friday,16:31,Fiqh,Manual-style (4),"Day mismatch: Friday (expected: Sunday, Monday)"
AUD-20251026-WA0007.m4a,Series,Not Available,الأفنان الندية,9,البيوع,الثامن عشر,زيد بن هادي المدخلي,Online,حسن بن محمد منصور الدغريري,Not Available,26.10.2025,Sunday,09:33,Fiqh,Manual-style (4),none
AUD-20251021-WA0026.m4a,Series,Not Available,الأفنان الندية,10,البيوع,التاسع عشر,زيد بن هادي المدخلي,Online,حسن بن محمد منصور الدغريري,Not Available,26.10.2025,Sunday,17:12,Fiqh,Manual-style (4),none
AUD-20251021-WA0036.m4a,Series,Not Available,الأفنان الندية,11,البيوع,العشرون عن,زيد بن هادي المدخلي,Online,حسن بن محمد منصور الدغريري,Not Available,26.10.2025,Sunday,18:56,Fiqh,Manual-style (4),none
AUD-20251029-WA0000.m4a,Series,Not Available,الأفنان الندية,12,البيوع,الواحد والعشرون,زيد بن هادي المدخلي,Online,حسن بن محمد منصور الدغريري,Not Available,29.10.2025,Wednesday,25:02,Fiqh,Manual-style (4),"Day mismatch: Wednesday (expected: Sunday, Monday)"
AUD-20251127-WA0003.m4a,Series,Not Available,الأفنان الندية,13,البيوع,الثاني والعشرون,زيد بن هادي المدخلي,Online,حسن بن محمد منصور الدغريري,Not Available,27.11.2025,Thursday,12:14,Fiqh,Manual-style (4),"Day mismatch: Thursday (expected: Sunday, Monday)"
AUD-20251129-WA0010.m4a,Series,Not Available,الأفنان الندية,14,البيوع,الثالث والعشرون,زيد بن هادي المدخلي,Online,حسن بن محمد منصور الدغريري,Not Available,30.11.2025,Sunday,26:07,Fiqh,Manual-style (4),none
AUD-20251202-WA0007.m4a,Series,Not Available,الأفنان الندية,15,البيوع,السادس والعشرون,زيد بن هادي المدخلي,Online,حسن بن محمد منصور الدغريري,Not Available,02.12.2025,Tuesday,24:15,Fiqh,Manual-style (4),"Day mismatch: Tuesday (expected: Sunday, Monday)"
AUD-20251204-WA0005.m4a,Series,Not Available,الأفنان الندية,16,البيوع,السابع والعشرون,زيد بن هادي المدخلي,Online,حسن بن محمد منصور الدغريري,Not Available,08.12.2025,Monday,16:12,Fiqh,Manual-style (4),none
AUD-20250901-WA0001.m4a,Series,Not Available,الأفنان الندية,17,الربا -,الثامن عن,زيد بن هادي المدخلي,Online,حسن بن محمد منصور الدغريري,Not Available,13.12.2025,Saturday,27:52,Fiqh,Manual-style (4),"Day mismatch: Saturday (expected: Sunday, Monday)"
AUD-20251213-WA0002.m4a,Series,Not Available,الأفنان الندية,18,الربا -,التاسع عن,زيد بن هادي المدخلي,Online,حسن بن محمد منصور الدغريري,Not Available,13.12.2025,Saturday,31:29,Fiqh,Manual-style (4),"Day mismatch: Saturday (expected: Sunday, Monday)"
AUD-20251213-WA0003.m4a,Series,Not Available,الأفنان الندية,19,الربا -,الرابع والعشرون,زيد بن هادي المدخلي,Online,حسن بن محمد منصور الدغريري,Not Available,13.12.2025,Saturday,14:21,Fiqh,Manual-style (4),"Day mismatch: Saturday (expected: Sunday, Monday)"
AUD-20251213-WA0005.m4a,Series,Not Available,الأفنان الندية,20,الربا -,الخامس والعشرون,زيد بن هادي المدخلي,Online,حسن بن محمد منصور الدغريري,Not Available,13.12.2025,Saturday,10:30,Fiqh,Manual-style (4),"Day mismatch: Saturday (expected: Sunday, Monday)"
AUD-20251213-WA0006.m4a,Series,Not Available,الأفنان الندية,21,الربا -,الثامن والعشرون,زيد بن هادي المدخلي,Online,حسن بن محمد منصور الدغريري,Not Available,13.12.2025,Saturday,16:12,Fiqh,Manual-style (4),"Day mismatch: Saturday (expected: Sunday, Monday)"
AUD-20251213-WA0004.m4a,Series,Not Available,الأفنان الندية,22,الهبة والعمرى والركبة -,التاسع والعشرون,زيد بن هادي المدخلي,Online,حسن بن محمد منصور الدغريري,Not Available,13.12.2025,Saturday,41:02,Fiqh,Manual-style (4),"Day mismatch: Saturday (expected: Sunday, Monday)"
AUD-20251217-WA0005.m4a,Series,Not Available,الأفنان الندية,23,الأرض الموات -,الثلاثون عن,زيد بن هادي المدخلي,Online,حسن بن محمد منصور الدغريري,Not Available,18.12.2025,Thursday,11:39,Fiqh,Manual-style (4),"Day mismatch: Thursday (expected: Sunday, Monday)"
AUD-20251217-WA0004.m4a,Series,Not Available,الأفنان الندية,24,الأرض الموات -,الواحد والثلاثون,زيد بن هادي المدخلي,Online,حسن بن محمد منصور الدغريري,Not Available,18.12.2025,Thursday,19:41,Fiqh,Manual-style (4),"Day mismatch: Thursday (expected: Sunday, Monday)"
AUDIO-2025-12-22-14-05-29.m4a,Series,Not Available,الأفنان الندية,25,البيوع باب الوقف -,الواحد والثلاثون,زيد بن هادي المدخلي,Online,حسن بن محمد منصور الدغريري,Not Available,22.12.2025,Monday,19:41,Fiqh,Manual-style (4),none
AUDIO-2025-12-22-14-05-30.m4a,Series,Not Available,الأفنان الندية,26,الفرائض,الاول في,زيد بن هادي المدخلي,Online,حسن بن محمد منصور الدغريري,Not Available,22.12.2025,Monday,21:26,Fiqh,Manual-style (4),none
AUDIO-2025-12-22-21-23-10.m4a,Series,Not Available,الأفنان الندية,27,الفرائض باب الوصية,الثاني في,زيد بن هادي المدخلي,Online,حسن بن محمد منصور الدغريري,Not Available,22.12.2025,Monday,20:31,Fiqh,Manual-style (4),none
AUDIO-2025-12-29-22-32-50.m4a,Series,Not Available,الأفنان الندية,28,الفرائض باب أنواع الإرث,الثالث في,زيد بن هادي المدخلي,Online,حسن بن محمد منصور الدغريري,Not Available,30.12.2025,Tuesday,46:48,Fiqh,Manual-style (4),"Day mismatch: Tuesday (expected: Sunday, Monday)"
AUDIO-2026-01-18-21-18-16.m4a,Series,Not Available,الأفنان الندية,29,الفرائض باب من يرث بالنسب,الرابع في,زيد بن هادي المدخلي,Online,حسن بن محمد منصور الدغريري,Not Available,19.01.2026,Monday,17:21,Fiqh,Manual-style (4),none
4_5996911497937164163.mp3,Series,Not Available,التفسير الميسر,1,Not Available,الاول في,نخبة من أهل العلم,جامع الورود,حسن بن محمد منصور الدغريري,Not Available,08.10.2025,Wednesday,13:02,Other,Manual-style (6),Day mismatch: Wednesday (expected: Saturday)
4_5999163297750849343.mp3,Series,Not Available,التفسير الميسر,2,Not Available,الثاني في,نخبة من أهل العلم,جامع الورود,حسن بن محمد منصور الدغريري,Not Available,09.10.2025,Thursday,17:29,Other,Manual-style (6),Day mismatch: Thursday (expected: Saturday)
Mp3 Editor_251013151759.mp3,Series,Not Available,التفسير الميسر,3,Not Available,الثالث في,نخبة من أهل العلم,جامع الورود,حسن بن محمد منصور الدغريري,Not Available,13.10.2025,Monday,06:40,Other,Manual-style (6),Day mismatch: Monday (expected: Saturday)
Mp3 Editor_251015092648.mp3,Series,Not Available,التفسير الميسر,4,Not Available,الرابع في,نخبة من أهل العلم,جامع الورود,حسن بن محمد منصور الدغريري,Not Available,15.10.2025,Wednesday,12:46,Other,Manual-style (6),Day mismatch: Wednesday (expected: Saturday)
Mp3 Editor_251015223639.mp3,Series,Not Available,التفسير الميسر,5,Not Available,الخامس في,نخبة من أهل العلم,جامع الورود,حسن بن محمد منصور الدغريري,Not Available,16.10.2025,Thursday,04:40,Other,Manual-style (6),Day mismatch: Thursday (expected: Saturday)
Mp3 Editor_251017122120.mp3,Series,Not Available,التفسير الميسر,6,Not Available,السادس في,نخبة من أهل العلم,جامع الورود,حسن بن محمد منصور الدغريري,Not Available,17.10.2025,Friday,07:15,Other,Manual-style (6),Day mismatch: Friday (expected: Saturday)
Mp3 Editor_251026014901.mp3,Series,Not Available,التفسير الميسر,7,Not Available,السابع في,نخبة من أهل العلم,جامع الورود,حسن بن محمد منصور الدغريري,Not Available,26.10.2025,Sunday,05:47,Other,Manual-style (6),Day mismatch: Sunday (expected: Saturday)
Mp3 Editor_251026070944.mp3,Series,Not Available,التفسير الميسر,8,Not Available,الثامن في,نخبة من أهل العلم,جامع الورود,حسن بن محمد منصور الدغريري,Not Available,26.10.2025,Sunday,09:55,Other,Manual-style (6),Day mismatch: Sunday (expected: Saturday)
Mp3 Editor_251129231102.mp3,Series,Not Available,التفسير الميسر,9,Not Available,التاسع في,نخبة من أهل العلم,جامع الورود,حسن بن محمد منصور الدغريري,Not Available,30.11.2025,Sunday,06:05,Other,Manual-style (6),Day mismatch: Sunday (expected: Saturday)
AUD-20251130-WA0012.m4a,Series,Not Available,التفسير الميسر,10,Not Available,الحادي عشر,نخبة من أهل العلم,جامع الورود,حسن بن محمد منصور الدغريري,Not Available,30.11.2025,Sunday,05:35,Other,Manual-style (6),Day mismatch: Sunday (expected: Saturday)
Mp3 Editor_251202163202.mp3,Series,Not Available,التفسير الميسر,11,Not Available,العاشر في,نخبة من أهل العلم,جامع الورود,حسن بن محمد منصور الدغريري,Not Available,02.12.2025,Tuesday,05:47,Other,Manual-style (6),Day mismatch: Tuesday (expected: Saturday)
AUD-20251209-WA0004.m4a,Series,Not Available,التفسير الميسر,12,Not Available,الثاني عشر,نخبة من أهل العلم,جامع الورود,حسن بن محمد منصور الدغريري,Not Available,09.12.2025,Tuesday,04:48,Other,Manual-style (6),Day mismatch: Tuesday (expected: Saturday)
AUD-20251215-WA0000.m4a,Series,Not Available,التفسير الميسر,13,Not Available,الثالث عشر,نخبة من أهل العلم,جامع الورود,حسن بن محمد منصور الدغريري,Not Available,15.12.2025,Monday,09:04,Other,Manual-style (6),Day mismatch: Monday (expected: Saturday)
AUDIO-2025-12-22-14-05-28.m4a,Series,Not Available,التفسير الميسر,14,Not Available,الرابع عشر,نخبة من أهل العلم,جامع الورود,حسن بن محمد منصور الدغريري,Not Available,22.12.2025,Monday,22:17,Other,Manual-style (6),Day mismatch: Monday (expected: Saturday)
AUDIO-2025-12-27-19-31-11.m4a,Series,Not Available,التفسير الميسر,15,Not Available,الخامس عشر,نخبة من أهل العلم,جامع الورود,حسن بن محمد منصور الدغريري,Not Available,28.12.2025,Sunday,06:31,Other,Manual-style (6),Day mismatch: Sunday (expected: Saturday)
Mp3 Editor_251013230959.mp3,Series,Not Available,إرشاد الساري شرح السنة للبربهاري,1,Not Available,الثاني  بجامع,أحمد النجمي,جامع الورود,حسن بن محمد منصور الدغريري,Not Available,14.10.2025,Tuesday,58:31,Aqeedah,Manual-style (7),Day mismatch: Tuesday (expected: Saturday)
Mp3 Editor_251015223341.mp3,Series,Not Available,إرشاد الساري شرح السنة للبربهاري,2,Not Available,الثالث  بجامع,أحمد النجمي,جامع الورود,حسن بن محمد منصور الدغريري,Not Available,16.10.2025,Thursday,59:21,Aqeedah,Manual-style (7),Day mismatch: Thursday (expected: Saturday)
Mp3 Editor_251017122807.mp3,Series,Not Available,إرشاد الساري شرح السنة للبربهاري,3,Not Available,الرابع  بجامع,أحمد النجمي,جامع الورود,حسن بن محمد منصور الدغريري,Not Available,17.10.2025,Friday,1:06,Aqeedah,Manual-style (7),Day mismatch: Friday (expected: Saturday)
Mp3 Editor_251026012445.mp3,Series,Not Available,إرشاد الساري شرح السنة للبربهاري,4,Not Available,الخامس  بجامع,أحمد النجمي,جامع الورود,حسن بن محمد منصور الدغريري,Not Available,26.10.2025,Sunday,1:08,Aqeedah,Manual-style (7),Day mismatch: Sunday (expected: Saturday)
Mp3 Editor_251026020733.mp3,Series,Not Available,إرشاد الساري شرح السنة للبربهاري,5,Not Available,الأول  بجامع,أحمد النجمي,جامع الورود,حسن بن محمد منصور الدغريري,Not Available,26.10.2025,Sunday,51:42,Aqeedah,Manual-style (7),Day mismatch: Sunday (expected: Saturday)
Mp3 Editor_251026073911.mp3,Series,Not Available,إرشاد الساري شرح السنة للبربهاري,6,Not Available,السادس  بجامع,أحمد النجمي,جامع الورود,حسن بن محمد منصور الدغريري,Not Available,26.10.2025,Sunday,1:03,Aqeedah,Manual-style (7),Day mismatch: Sunday (expected: Saturday)
Mp3 Editor_251129225724.mp3,Series,Not Available,إرشاد الساري شرح السنة للبربهاري,7,Not Available,السابع  بجامع,أحمد النجمي,جامع الورود,حسن بن محمد منصور الدغريري,Not Available,30.11.2025,Sunday,58:20,Aqeedah,Manual-style (7),Day mismatch: Sunday (expected: Saturday)
Mp3 Editor_251202160725.mp3,Series,Not Available,إرشاد الساري شرح السنة للبربهاري,8,Not Available,الثامن  بجامع,أحمد النجمي,جامع الورود,حسن بن محمد منصور الدغريري,Not Available,02.12.2025,Tuesday,52:58,Aqeedah,Manual-style (7),Day mismatch: Tuesday (expected: Saturday)
Mp3 Editor_251208214714.mp3,Series,Not Available,إرشاد الساري شرح السنة للبربهاري,9,Not Available,التاسع  بجامع,أحمد النجمي,جامع الورود,حسن بن محمد منصور الدغريري,Not Available,08.12.2025,Monday,43:47,Aqeedah,Manual-style (7),Day mismatch: Monday (expected: Saturday)
AUD-20251209-WA0005.m4a,Series,Not Available,إرشاد الساري شرح السنة للبربهاري,10,Not Available,العاشر  بجامع,أحمد النجمي,جامع الورود,حسن بن محمد منصور الدغريري,Not Available,09.12.2025,Tuesday,46:25,Aqeedah,Manual-style (7),Day mismatch: Tuesday (expected: Saturday)
AUD-20251215-WA0004.m4a,Series,Not Available,إرشاد الساري شرح السنة للبربهاري,11,Not Available,الحادي عشر,أحمد النجمي,جامع الورود,حسن بن محمد منصور الدغريري,Not Available,18.12.2025,Thursday,48:15,Aqeedah,Manual-style (7),Day mismatch: Thursday (expected: Saturday)
AUDIO-2025-12-22-14-05-29.m4a,Series,Not Available,إرشاد الساري شرح السنة للبربهاري,12,Not Available,الثاني عشر,أحمد النجمي,جامع الورود,حسن بن محمد منصور الدغريري,Not Available,22.12.2025,Monday,48:06,Aqeedah,Manual-style (7),Day mismatch: Monday (expected: Saturday)
AUDIO-2025-12-28-07-37-23.m4a,Series,Not Available,إرشاد الساري شرح السنة للبربهاري,13,Not Available,الثالث عشر,أحمد النجمي,جامع الورود,حسن بن محمد منصور الدغريري,Not Available,28.12.2025,Sunday,45:08,Aqeedah,Manual-style (7),Day mismatch: Sunday (expected: Saturday)
AUDIO-2026-01-17-19-28-05.m4a,Series,Not Available,إرشاد الساري شرح السنة للبربهاري,14,Not Available,الرابع عشر,أحمد النجمي,جامع الورود,حسن بن محمد منصور الدغريري,Not Available,17.01.2026,Saturday,45:08,Aqeedah,Manual-style (7),none
4_5996911497937164380.m4a,Series,Not Available,معارج القبول شرح منظومة سلم الوصول,1,Not Available,الرابع عن,حافظ حكمي,Online,حسن بن محمد منصور الدغريري,Not Available,09.10.2025,Thursday,26:56,Aqeedah,Manual-style (5),Day mismatch: Thursday (expected: Tuesday)
Mp3 Editor_251015104815.mp3,Series,Not Available,معارج القبول شرح منظومة سلم الوصول,2,Not Available,السادس عن,حافظ حكمي,Online,حسن بن محمد منصور الدغريري,Not Available,15.10.2025,Wednesday,28:58,Aqeedah,Manual-style (5),Day mismatch: Wednesday (expected: Tuesday)
Mp3 Editor_251017165500.mp3,Series,Not Available,معارج القبول شرح منظومة سلم الوصول,3,Not Available,السابع عن,حافظ حكمي,Online,حسن بن محمد منصور الدغريري,Not Available,17.10.2025,Friday,24:03,Aqeedah,Manual-style (5),Day mismatch: Friday (expected: Tuesday)
AUD-20251021-WA0054.m4a,Series,Not Available,معارج القبول شرح منظومة سلم الوصول,4,Not Available,الثامن عن,حافظ حكمي,Online,حسن بن محمد منصور الدغريري,Not Available,26.10.2025,Sunday,38:24,Aqeedah,Manual-style (5),Day mismatch: Sunday (expected: Tuesday)
AUD-20251028-WA0003.m4a,Series,Not Available,معارج القبول شرح منظومة سلم الوصول,5,Not Available,التاسع عن,حافظ حكمي,Online,حسن بن محمد منصور الدغريري,Not Available,29.10.2025,Wednesday,20:27,Aqeedah,Manual-style (5),Day mismatch: Wednesday (expected: Tuesday)
AUD-20251208-WA0008.m4a,Series,Not Available,معارج القبول شرح منظومة سلم الوصول,6,Not Available,الثالث عشر,حافظ حكمي,Online,حسن بن محمد منصور الدغريري,Not Available,09.12.2025,Tuesday,28:36,Aqeedah,Manual-style (5),none
AUD-20251213-WA0007.m4a,Series,Not Available,معارج القبول شرح منظومة سلم الوصول,7,Not Available,الثاني عن,حافظ حكمي,Online,حسن بن محمد منصور الدغريري,Not Available,13.12.2025,Saturday,12:50,Aqeedah,Manual-style (5),Day mismatch: Saturday (expected: Tuesday)
AUD-20250903-WA0000.m4a,Series,Not Available,معارج القبول شرح منظومة سلم الوصول,8,Not Available,الثالث عن,حافظ حكمي,Online,حسن بن محمد منصور الدغريري,Not Available,13.12.2025,Saturday,11:08,Aqeedah,Manual-style (5),Day mismatch: Saturday (expected: Tuesday)
AUD-20251213-WA0008.m4a,Series,Not Available,معارج القبول شرح منظومة سلم الوصول,9,Not Available,الخامس عن,حافظ حكمي,Online,حسن بن محمد منصور الدغريري,Not Available,13.12.2025,Saturday,16:16,Aqeedah,Manual-style (5),Day mismatch: Saturday (expected: Tuesday)
AUD-20251213-WA0009.m4a,Series,Not Available,معارج القبول شرح منظومة سلم الوصول,10,Not Available,العاشر عن,حافظ حكمي,Online,حسن بن محمد منصور الدغريري,Not Available,13.12.2025,Saturday,18:14,Aqeedah,Manual-style (5),Day mismatch: Saturday (expected: Tuesday)
AUD-20251213-WA0010.m4a,Series,Not Available,معارج القبول شرح منظومة سلم الوصول,11,Not Available,الرابع عشر,حافظ حكمي,Online,حسن بن محمد منصور الدغريري,Not Available,13.12.2025,Saturday,26:10,Aqeedah,Manual-style (5),Day mismatch: Saturday (expected: Tuesday)
Not Available,Series,Not Available,معارج القبول شرح منظومة سلم الوصول,12,Not Available,الخامس عشر,حافظ حكمي,Online,حسن بن محمد منصور الدغريري,Not Available,22.12.2025,Monday,Not Available,Aqeedah,Manual-style (5),Day mismatch: Monday (expected: Tuesday)
AUDIO-2025-12-30-21-23-04.m4a,Series,Not Available,معارج القبول شرح منظومة سلم الوصول,13,Not Available,السادس عشر,حافظ حكمي,Online,حسن بن محمد منصور الدغريري,Not Available,31.12.2025,Wednesday,18:49,Aqeedah,Manual-style (5),Day mismatch: Wednesday (expected: Tuesday)
AUD-20251012-WA0020.m4a,Series,Not Available,مختصر السيرة النبوية,1,Not Available,Not Available,محمد بن عبدالوهاب,جامع الورود,حسن بن محمد منصور الدغريري,١١/ ٤ / ١٤٤٧,16.10.2025,Thursday,11:04,Seerah,Manual-style (11),Day mismatch: Thursday (expected: Saturday)
AUD-20251017-WA0000.m4a,Series,Not Available,مختصر السيرة النبوية,2,Not Available,Not Available,محمد بن عبدالوهاب,جامع الورود,حسن بن محمد منصور الدغريري,٢٥/ ٤ / ١٤٤٧,17.10.2025,Friday,09:44,Seerah,Manual-style (11),Day mismatch: Friday (expected: Saturday)
AUD-20251026-WA0003.m4a,Series,Not Available,مختصر السيرة النبوية,3,Not Available,Not Available,محمد بن عبدالوهاب,جامع الورود,حسن بن محمد منصور الدغريري,٥/ ٢ / ١٤٤٧,26.10.2025,Sunday,10:45,Seerah,Manual-style (11),Day mismatch: Sunday (expected: Saturday)
AUDIO-2025-11-28-23-15-18.m4a,Series,Not Available,مختصر السيرة النبوية,4,Not Available,Not Available,محمد بن عبدالوهاب,جامع الورود,حسن بن محمد منصور الدغريري,٧ / ٦ / ١٤٤٧,28.11.2025,Friday,12:16,Seerah,Manual-style (11),Day mismatch: Friday (expected: Saturday)
AUD-20251213-WA0011.m4a,Series,Not Available,مختصر السيرة النبوية,5,Not Available,Not Available,محمد بن عبدالوهاب,جامع الورود,حسن بن محمد منصور الدغريري,١٦ / ٥ / ١٤٤٧,13.12.2025,Saturday,10:39,Seerah,Manual-style (11),none
AUD-20251213-WA0012.mp3,Series,Not Available,مختصر السيرة النبوية,6,Not Available,Not Available,محمد بن عبدالوهاب,جامع الورود,حسن بن محمد منصور الدغريري,٢٣ / ٥ / ١٤٤٧,13.12.2025,Saturday,09:49,Seerah,Manual-style (11),none
AUDIO-2025-12-19-17-36-02.m4a,Series,Not Available,مختصر السيرة النبوية,7,Not Available,Not Available,محمد بن عبدالوهاب,جامع الورود,حسن بن محمد منصور الدغريري,٢٨ / ٦ / ١٤٤٧,19.12.2025,Friday,10:27,Seerah,Manual-style (11),Day mismatch: Friday (expected: Saturday)
AUDIO-2025-12-22-07-20-10.m4a,Series,Not Available,مختصر السيرة النبوية,8,Not Available,الاول بجامع,محمد بن عبدالوهاب,جامع الورود,حسن بن محمد منصور الدغريري,Not Available,22.12.2025,Monday,43:13,Seerah,Manual-style (11),Day mismatch: Monday (expected: Saturday)
AUDIO-2025-12-27-10-21-24.m4a,Series,Not Available,مختصر السيرة النبوية,9,Not Available,الثاني بجامع,محمد بن عبدالوهاب,جامع الورود,حسن بن محمد منصور الدغريري,Not Available,28.12.2025,Sunday,37:48,Seerah,Manual-style (11),Day mismatch: Sunday (expected: Saturday)
AUD-20260102-WA0003.mp3,Series,Not Available,مختصر السيرة النبوية,10,Not Available,Not Available,محمد بن عبدالوهاب,جامع الورود,حسن بن محمد منصور الدغريري,١٢ / ٧ / ١٤٤٧,02.01.2026,Friday,12:27,Seerah,Manual-style (11),Day mismatch: Friday (expected: Saturday)
AUDIO-2026-01-03-09-52-35.m4a,Series,Not Available,مختصر السيرة النبوية,11,Not Available,الثاني بجامع,محمد بن عبدالوهاب,جامع الورود,حسن بن محمد منصور الدغريري,Not Available,03.01.2026,Saturday,36:08,Seerah,Manual-style (11),none
AUDIO-2026-01-16-14-51-11.m4a,Series,Not Available,مختصر السيرة النبوية,12,Not Available,Not Available,محمد بن عبدالوهاب,جامع الورود,حسن بن محمد منصور الدغريري,٢٧ / ٧ / ١٤٤٧,16.01.2026,Friday,12:27,Seerah,Manual-style (11),Day mismatch: Friday (expected: Saturday)
AUDIO-2026-01-17-14-54-56.m4a,Series,Not Available,مختصر السيرة النبوية,13,Not Available,الثالث بجامع,محمد بن عبدالوهاب,جامع الورود,حسن بن محمد منصور الدغريري,Not Available,17.01.2026,Saturday,27:14,Seerah,Manual-style (11),none
AUD-20251129-WA0017.m4a,Series,Not Available,المورد العذب الزلال,1,Not Available,الأول بجامع,أحمد النجمي,جامع الورود,حسن بن محمد منصور الدغريري,Not Available,30.11.2025,Sunday,42:51,Aqeedah,Manual-style (9),Day mismatch: Sunday (expected: Saturday)
AUD-20251202-WA0001.m4a,Series,Not Available,المورد العذب الزلال,2,Not Available,الثاني بجامع,أحمد النجمي,جامع الورود,حسن بن محمد منصور الدغريري,Not Available,02.12.2025,Tuesday,34:17,Aqeedah,Manual-style (9),Day mismatch: Tuesday (expected: Saturday)
AUD-20251202-WA0002.m4a,Series,Not Available,المورد العذب الزلال,3,Not Available,الثالث بجامع,أحمد النجمي,جامع الورود,حسن بن محمد منصور الدغريري,Not Available,02.12.2025,Tuesday,59:22,Aqeedah,Manual-style (9),Day mismatch: Tuesday (expected: Saturday)
AUD-20251208-WA0001.m4a,Series,Not Available,المورد العذب الزلال,4,Not Available,الرابع بجامع,أحمد النجمي,جامع الورود,حسن بن محمد منصور الدغريري,Not Available,08.12.2025,Monday,32:50,Aqeedah,Manual-style (9),Day mismatch: Monday (expected: Saturday)
AUD-20251215-WA0003.m4a,Series,Not Available,المورد العذب الزلال,5,Not Available,الخامس بجامع,أحمد النجمي,جامع الورود,حسن بن محمد منصور الدغريري,Not Available,15.12.2025,Monday,48:06,Aqeedah,Manual-style (9),Day mismatch: Monday (expected: Saturday)
AUDIO-2025-12-22-14-05-28.m4a,Series,Not Available,المورد العذب الزلال,6,Not Available,السادس بجامع,أحمد النجمي,جامع الورود,حسن بن محمد منصور الدغريري,Not Available,22.12.2025,Monday,35:22,Aqeedah,Manual-style (9),Day mismatch: Monday (expected: Saturday)
AUDIO-2025-12-27-19-36-27.m4a,Series,Not Available,المورد العذب الزلال,7,Not Available,السابع بجامع,أحمد النجمي,جامع الورود,حسن بن محمد منصور الدغريري,Not Available,28.12.2025,Sunday,26:55,Aqeedah,Manual-style (9),Day mismatch: Sunday (expected: Saturday)
Not Available,Series,Not Available,المورد العذب الزلال,8,Not Available,Not Available,أحمد النجمي,جامع الورود,حسن بن محمد منصور الدغريري,Not Available,13.01.2026,Tuesday,Not Available,Aqeedah,Manual-style (9),Day mismatch: Tuesday (expected: Saturday)
AUDIO-2026-01-17-21-35-58.m4a,Series,Not Available,المورد العذب الزلال,9,Not Available,الثامن بجامع,أحمد النجمي,جامع الورود,حسن بن محمد منصور الدغريري,Not Available,17.01.2026,Saturday,20:37,Aqeedah,Manual-style (9),none
Not Available,Series,Not Available,تأسيس الأحكام شرح عمدة الأحكام,1,Not Available,Not Available,أحمد بن يحيى النجمي,Online,حسن بن محمد منصور الدغريري,Not Available,07.10.2025,Tuesday,Not Available,Hadeeth,Manual-style (1),Day mismatch: Tuesday (expected: Wednesday)
AUD-20251022-WA0024.m4a,Series,Not Available,تأسيس الأحكام شرح عمدة الأحكام,2,النكاح: باب الصداق .,السابع عن,أحمد بن يحيى النجمي,Online,حسن بن محمد منصور الدغريري,Not Available,26.10.2025,Sunday,20:30,Hadeeth,Manual-style (1),Day mismatch: Sunday (expected: Wednesday)
AUD-20251208-WA0011.m4a,Series,Not Available,تأسيس الأحكام شرح عمدة الأحكام,3,الطلاق: باب العدة .,الثامن عن,أحمد بن يحيى النجمي,Online,حسن بن محمد منصور الدغريري,Not Available,09.12.2025,Tuesday,25:14,Hadeeth,Manual-style (1),Day mismatch: Tuesday (expected: Wednesday)
Not Available,Series,Not Available,تأسيس الأحكام شرح عمدة الأحكام,4,التوحيد للإمام محمد بن عبدالوهاب 818871,Not Available,أحمد بن يحيى النجمي,Online,حسن بن محمد منصور الدغريري,Not Available,19.12.2025,Friday,Not Available,Hadeeth,Manual-style (1),Day mismatch: Friday (expected: Wednesday)
AUDIO-2025-12-22-07-20-24.m4a,Series,Not Available,تأسيس الأحكام شرح عمدة الأحكام,5,اللعان,الاول عن,أحمد بن يحيى النجمي,Online,حسن بن محمد منصور الدغريري,Not Available,22.12.2025,Monday,29:17,Hadeeth,Manual-style (1),Day mismatch: Monday (expected: Wednesday)
AUDIO-2025-12-25-21-15-03.m4a,Series,Not Available,تأسيس الأحكام شرح عمدة الأحكام,6,اللعان,الثاني عن,أحمد بن يحيى النجمي,Online,حسن بن محمد منصور الدغريري,Not Available,26.12.2025,Friday,21:52,Hadeeth,Manual-style (1),Day mismatch: Friday (expected: Wednesday)
AUDIO-2025-12-31-23-27-32.m4a,Series,Not Available,تأسيس الأحكام شرح عمدة الأحكام,7,اللعان,الثالث عن,أحمد بن يحيى النجمي,Online,حسن بن محمد منصور الدغريري,Not Available,01.01.2026,Thursday,21:03,Hadeeth,Manual-style (1),Day mismatch: Thursday (expected: Wednesday)
AUDIO-2025-12-22-07-20-10.m4a,Series,Not Available,التحفة النجمية بشرح الأربعين النووية,1,Not Available,الاول بجامع,أحمد النجمي,جامع الورود,حسن بن محمد منصور الدغريري,Not Available,22.12.2025,Monday,52:42,Hadeeth,Manual-style (10),Day mismatch: Monday (expected: Saturday)
AUDIO-2025-12-27-10-21-24.m4a,Series,Not Available,التحفة النجمية بشرح الأربعين النووية,2,Not Available,الثاني بجامع,أحمد النجمي,جامع الورود,حسن بن محمد منصور الدغريري,Not Available,28.12.2025,Sunday,43:18,Hadeeth,Manual-style (10),Day mismatch: Sunday (expected: Saturday)
Not Available,Series,Not Available,التحفة النجمية بشرح الأربعين النووية,3,Not Available,Not Available,أحمد النجمي,جامع الورود,حسن بن محمد منصور الدغريري,Not Available,02.01.2026,Friday,Not Available,Hadeeth,Manual-style (10),Day mismatch: Friday (expected: Saturday)
AUDIO-2026-01-03-09-53-46.m4a,Series,Not Available,التحفة النجمية بشرح الأربعين النووية,4,Not Available,الثالث بجامع,أحمد النجمي,جامع الورود,حسن بن محمد منصور الدغريري,Not Available,03.01.2026,Saturday,44:09,Hadeeth,Manual-style (10),none
AUDIO-2026-01-17-14-56-45.m4a,Series,Not Available,التحفة النجمية بشرح الأربعين النووية,5,Not Available,الرابع بجامع,أحمد النجمي,جامع الورود,حسن بن محمد منصور الدغريري,Not Available,17.01.2026,Saturday,37:06,Hadeeth,Manual-style (10),none
AUDIO-2025-12-22-07-20-10.m4a,Series,Not Available,تنبيه الانام على ما في كتاب سبل السلام من الفوائد والأحكام,1,سبل السلام من الفوائد والأحكام,الاول من,أحمد النجمي,جامع الورود,حسن بن محمد منصور الدغريري,Not Available,22.12.2025,Monday,47:59,Fiqh,Manual-style (12),Day mismatch: Monday (expected: Saturday)
AUDIO-2025-12-27-10-25-24.m4a,Series,Not Available,تنبيه الانام على ما في كتاب سبل السلام من الفوائد والأحكام,2,سبل السلام من الفوائد والأحكام,الثاني من,أحمد النجمي,جامع الورود,حسن بن محمد منصور الدغريري,Not Available,28.12.2025,Sunday,1:11,Fiqh,Manual-style (12),Day mismatch: Sunday (expected: Saturday)
Subulussalam.m4a,Series,Not Available,تنبيه الانام على ما في كتاب سبل السلام من الفوائد والأحكام,3,سبل السلام من الفوائد والأحكام,الثالث من,أحمد النجمي,جامع الورود,حسن بن محمد منصور الدغريري,Not Available,03.01.2026,Saturday,46:17,Fiqh,Manual-style (12),none
AUDIO-2026-01-17-14-52-58.m4a,Series,Not Available,تنبيه الانام على ما في كتاب سبل السلام من الفوائد والأحكام,4,سبل السلام من الفوائد والأحكام,الرابع من,أحمد النجمي,جامع الورود,حسن بن محمد منصور الدغريري,Not Available,17.01.2026,Saturday,43:41,Fiqh,Manual-style (12),none
AUD-20260102-WA0002.m4a,Series,Not Available,صحيح البخاري,1,العلم والإيمان (من حديث ١ - ٣٠),الأول كتاب,محمد بن إسماعيل البخاري,جامع الورود,حسن بن محمد منصور الدغريري,Not Available,02.01.2026,Friday,1:07,Hadeeth,Manual-style (8),none
Not Available,Series,Not Available,صحيح البخاري,2,الله ، وسنة نبيه صلى الله عليه وسلم ؛ وما كان عليه سلفنا الصالحين ؛ أوردت بعضها دلالةً على غيرها ؛ و,Not Available,محمد بن إسماعيل البخاري,جامع الورود,حسن بن محمد منصور الدغريري,Not Available,11.01.2026,Sunday,Not Available,Hadeeth,Manual-style (8),Day mismatch: Sunday (expected: Friday)
Not Available,Series,Not Available,صحيح البخاري,3,Not Available,Not Available,محمد بن إسماعيل البخاري,جامع الورود,حسن بن محمد منصور الدغريري,Not Available,17.01.2026,Saturday,Not Available,Hadeeth,Manual-style (8),Day mismatch: Saturday (expected: Friday)
Not Available,Series,Not Available,غنية السائل بما في لامية شيخ الإسلام من مسائل,1,Not Available,Not Available,أحمد النجمي,جامع الورود,حسن بن محمد منصور الدغريري,Not Available,18.11.2025,Tuesday,Not Available,Aqeedah,Manual-style (13),Day mismatch: Tuesday (expected: Saturday)
AUDIO-2026-01-17-21-42-37.m4a,Series,Not Available,غنية السائل بما في لامية شيخ الإسلام من مسائل,2,Not Available,Not Available,أحمد النجمي,جامع الورود,حسن بن محمد منصور الدغريري,Not Available,17.01.2026,Saturday,51:16,Aqeedah,Manual-style (13),none
