SeriesName,Location,DaysTaught,ClassesPerWeek,Category,OriginalAuthor,LessonSeq,RecordingDate,DayOfWeek,Serial,SubTopic,TelegramFileName,Type,Topic,DateInArabic,ClipLength,doubtsStatus
Unknown,جامع الورود,"Friday, Monday, Saturday, Sunday, Thursday, Tuesday, Wednesday",7,Other,Not Available,1,2025-10-03,Friday,Not Available,Not Available,مفاسد المظاهرات.m4a,Khutba,مفاسد المظاهرات,١٧ جمادى الآخرة ١٤٤٠هـ,14:56,none
Unknown,جامع الورود,"Friday, Monday, Saturday, Sunday, Thursday, Tuesday, Wednesday",7,Other,Not Available,2,2025-10-03,Friday,Not Available,Not Available,قناة مجالس العلم النافع – خطر المظاهرات في الإسلام,Lecture,خطر المظاهرات في الإسلام,٢٠٢٥/١٠/٠٣,18:58,none
Unknown,جامع الورود,"Friday, Monday, Saturday, Sunday, Thursday, Tuesday, Wednesday",7,Other,Not Available,3,2025-10-08,Wednesday,Not Available,Not Available,4_5996911497937164125.mp3,Khutba,حقوق كبار السن,الجمعة ٢٧/ ٠٣/ ١٤٤٧,08:23,none
Unknown,جامع الورود,"Friday, Monday, Saturday, Sunday, Thursday, Tuesday, Wednesday",7,Other,Not Available,4,2025-10-10,Friday,Not Available,Not Available,Mp3 Editor_251010210714.mp3,Khutba,النعم في السعودية,الجمعة ٤ / ٤ / ١٤٤٧,07:44,none
Unknown,جامع الورود,"Friday, Monday, Saturday, Sunday, Thursday, Tuesday, Wednesday",7,Other,Not Available,5,2025-10-10,Friday,Not Available,Not Available,Mp3 Editor_251010212128.mp3,Khutba,الرحمة بالمستأجرين,الجمعة ١٨/ ٤ / ١٤٤٧,09:08,none
Unknown,جامع الورود,"Friday, Monday, Saturday, Sunday, Thursday, Tuesday, Wednesday",7,Other,Not Available,6,2025-10-16,Thursday,Not Available,Not Available,AUD-20251012-WA0020.m4a,Khutba,وقفات مع السيرة النبوية(١),الجمعة ١١/ ٤ / ١٤٤٧,11:04,none
Unknown,جامع الورود,"Friday, Monday, Saturday, Sunday, Thursday, Tuesday, Wednesday",7,Other,Not Available,7,2025-10-17,Friday,Not Available,Not Available,AUD-20251017-WA0000.m4a,Khutba,وقفات مع السيرة النبوية(٢),الجمعة ٢٥/ ٤ / ١٤٤٧,09:44,none
Unknown,جامع الورود,"Friday, Monday, Saturday, Sunday, Thursday, Tuesday, Wednesday",7,Other,Not Available,8,2025-10-23,Thursday,Not Available,كتاب ﴿,التعليق_على_كتاب_﴿تأسيس_الأحكام_على_ما_صح_من_خير_الأنام_بشرح_عمدة.mp3,Series,Not Available,Not Available,38:42,Type unclear - defaulted to Series; Series name not clearly identified; Serial number not found; Original author not found; Arabic date not found
Unknown,جامع الورود,"Friday, Monday, Saturday, Sunday, Thursday, Tuesday, Wednesday",7,Other,Not Available,9,2025-10-23,Thursday,Not Available,كتاب ﴿,التعليق_على_كتاب_﴿تأسيس_الأحكام_على_ما_صح_من_خير_الأنام_بشرح_عمدة.mp3,Series,Not Available,Not Available,22:36,Type unclear - defaulted to Series; Series name not clearly identified; Serial number not found; Original author not found; Arabic date not found
Unknown,جامع الورود,"Friday, Monday, Saturday, Sunday, Thursday, Tuesday, Wednesday",7,Other,Not Available,10,2025-10-23,Thursday,Not Available,كتاب ﴿,التعليق_على_تأسيس_الأحكام_على_ما_صح_من_خير_الأنام_بشرح_zos88VZk4dU.m4a,Series,Not Available,Not Available,27:12,Type unclear - defaulted to Series; Series name not clearly identified; Serial number not found; Original author not found; Arabic date not found
Unknown,جامع الورود,"Friday, Monday, Saturday, Sunday, Thursday, Tuesday, Wednesday",7,Other,Not Available,11,2025-10-23,Thursday,Not Available,كتاب ﴿,التعليق_على_كتاب_﴿تأسيس_الأحكام_على_ما_صح_من_خير_الأنام_بشرح_عمدة.mp3,Series,Not Available,Not Available,45:14,Type unclear - defaulted to Series; Series name not clearly identified; Serial number not found; Original author not found; Arabic date not found
Unknown,جامع الورود,"Friday, Monday, Saturday, Sunday, Thursday, Tuesday, Wednesday",7,Other,Not Available,12,2025-10-23,Thursday,Not Available,كتاب ﴿,التعليق_على_كتاب_﴿تأسيس_الأحكام_على_ما_صح_من_خير_الأنام_بشرح_عمدة.mp3,Series,Not Available,Not Available,26:21,Type unclear - defaulted to Series; Series name not clearly identified; Serial number not found; Original author not found; Arabic date not found
Unknown,جامع الورود,"Friday, Monday, Saturday, Sunday, Thursday, Tuesday, Wednesday",7,Other,Not Available,13,2025-10-23,Thursday,Not Available,كتاب ﴿,التعليق_على_كتاب_تأسيس_الأحكام_على_ما_صح_من_خير_الأنام_بشرح_عمدة.mp3,Series,Not Available,Not Available,26:21,Type unclear - defaulted to Series; Series name not clearly identified; Serial number not found; Original author not found; Arabic date not found
Unknown,جامع الورود,"Friday, Monday, Saturday, Sunday, Thursday, Tuesday, Wednesday",7,Other,Not Available,14,2025-10-23,Thursday,Not Available,كتاب ﴿,التعليق_على_كتاب_تأسيس_الأحكام_على_ما_صح_من_خير_الأنام_بشرح_عمدة.mp3,Series,Not Available,Not Available,27:47,Type unclear - defaulted to Series; Series name not clearly identified; Serial number not found; Original author not found; Arabic date not found
Unknown,جامع الورود,"Friday, Monday, Saturday, Sunday, Thursday, Tuesday, Wednesday",7,Other,Not Available,15,2025-10-23,Thursday,Not Available,كتاب ﴿,التعليق_على_كتاب_تأسيس_الأحكام_على_ما_صح_من_خير_الأنام_بشرح_عمدة.mp3,Series,Not Available,Not Available,29:10,Type unclear - defaulted to Series; Series name not clearly identified; Serial number not found; Original author not found; Arabic date not found
Unknown,جامع الورود,"Friday, Monday, Saturday, Sunday, Thursday, Tuesday, Wednesday",7,Other,Not Available,16,2025-10-23,Thursday,Not Available,كتاب ﴿,التعليق_على_كتاب_تأسيس_الأحكام_على_ما_صح_من_خير_الأنام_بشرح_عمدة.mp3,Series,Not Available,Not Available,33:18,Type unclear - defaulted to Series; Series name not clearly identified; Serial number not found; Original author not found; Arabic date not found
Unknown,جامع الورود,"Friday, Monday, Saturday, Sunday, Thursday, Tuesday, Wednesday",7,Other,Not Available,17,2025-10-26,Sunday,الأول,Not Available,Mp3 Editor_251026014231.mp3,Series,Not Available,٢٦ / ٤ / ١٤٤٧,48:16,Series name not clearly identified
Unknown,جامع الورود,"Friday, Monday, Saturday, Sunday, Thursday, Tuesday, Wednesday",7,Other,Not Available,18,2025-10-26,Sunday,Not Available,Not Available,AUD-20251026-WA0003.m4a,Khutba,وقفات مع السيرة النبوية(٣),الجمعة ٥/ ٢ / ١٤٤٧,10:45,none
Unknown,جامع الورود,"Friday, Monday, Saturday, Sunday, Thursday, Tuesday, Wednesday",7,Other,Not Available,19,2025-10-26,Sunday,الثاني,Not Available,Mp3 Editor_251026073039.mp3,Series,Not Available,٣ / ٥ / ١٤٤٧,1:08,Series name not clearly identified
Unknown,جامع الورود,"Friday, Monday, Saturday, Sunday, Thursday, Tuesday, Wednesday",7,Other,Not Available,20,2025-11-28,Friday,Not Available,Not Available,Not Available,Khutba,Not Available,Not Available,Not Available,Topic not clearly identified; Arabic date not found
Unknown,جامع الورود,"Friday, Monday, Saturday, Sunday, Thursday, Tuesday, Wednesday",7,Other,Not Available,21,2025-11-28,Friday,Not Available,Not Available,AUDIO-2025-11-28-23-15-18.m4a,Khutba,السيرة النبوية (٦),٧ / ٦ / ١٤٤٧هـ,12:16,none
Unknown,جامع الورود,"Friday, Monday, Saturday, Sunday, Thursday, Tuesday, Wednesday",7,Other,Not Available,22,2025-12-02,Tuesday,Not Available,Not Available,AUD-20251201-WA0005.mp3,Series,Not Available,٢٢ / ٥ / ١٤٤٧هـ,08:17,Type unclear - defaulted to Series; Series name not clearly identified; Serial number not found; Original author not found
Unknown,جامع الورود,"Friday, Monday, Saturday, Sunday, Thursday, Tuesday, Wednesday",7,Other,Not Available,23,2025-12-02,Tuesday,الرابع,Not Available,Mp3 Editor_251202161629.mp3,Series,Not Available,٢٤ / ٥ / ١٤٤٧,1:03,Series name not clearly identified
Unknown,جامع الورود,"Friday, Monday, Saturday, Sunday, Thursday, Tuesday, Wednesday",7,Other,Not Available,24,2025-12-08,Monday,Not Available,Not Available,Ringtone_AUD-20251207-WA0004.mp3,Khutba,أهمية النزاهة والأمانة، ومكافحة الفساد المالي,1447/6/14هـ,10:07,none
Unknown,جامع الورود,"Friday, Monday, Saturday, Sunday, Thursday, Tuesday, Wednesday",7,Other,Not Available,25,2025-12-08,Monday,الخامس,Not Available,AUD-20251208-WA0004.m4a,Series,Not Available,٨ / ٦ / ١٤٤٧,34:44,Series name not clearly identified
Unknown,جامع الورود,"Friday, Monday, Saturday, Sunday, Thursday, Tuesday, Wednesday",7,Other,Not Available,26,2025-12-08,Monday,السادس,Not Available,AUD-20251208-WA0005.m4a,Series,Not Available,١٦ / ٦ / ١٤٤٧,56:16,Series name not clearly identified
Unknown,جامع الورود,"Friday, Monday, Saturday, Sunday, Thursday, Tuesday, Wednesday",7,Other,Not Available,27,2025-12-09,Tuesday,الثالث,Not Available,AUD-20251111-WA0001.m4a,Series,Not Available,١٧ / ٥ / ١٤٤٧,41:24,Series name not clearly identified
Unknown,جامع الورود,"Friday, Monday, Saturday, Sunday, Thursday, Tuesday, Wednesday",7,Other,Not Available,28,2025-12-13,Saturday,Not Available,Not Available,AUD-20251213-WA0011.m4a,Khutba,وقفات مع السيرة النبوية (٤),الجمعة ١٦ / ٥ / ١٤٤٧,10:39,none
Unknown,جامع الورود,"Friday, Monday, Saturday, Sunday, Thursday, Tuesday, Wednesday",7,Other,Not Available,29,2025-12-13,Saturday,Not Available,Not Available,AUD-20251213-WA0012.mp3,Khutba,وقفات مع السيرة النبوية (٥),الجمعة ٢٣ / ٥ / ١٤٤٧,09:49,none
Unknown,جامع الورود,"Friday, Monday, Saturday, Sunday, Thursday, Tuesday, Wednesday",7,Other,Not Available,30,2025-12-13,Saturday,Not Available,Not Available,AUD-20251213-WA0013.m4a,Khutba,(( عناية الإسلام بالمرأة )),الجمعة ٢١ / ٦ / ١٤٤٧,10:17,none
Unknown,جامع الورود,"Friday, Monday, Saturday, Sunday, Thursday, Tuesday, Wednesday",7,Other,Not Available,31,2025-12-15,Monday,السابع,Not Available,AUD-20251215-WA0002.m4a,Series,Not Available,٢٢ / ٦ / ١٤٤٧,39:52,Series name not clearly identified
Unknown,جامع الورود,"Friday, Monday, Saturday, Sunday, Thursday, Tuesday, Wednesday",7,Other,Not Available,32,2025-12-18,Thursday,Not Available,Not Available,Not Available,Series,Not Available,Not Available,Not Available,Type unclear - defaulted to Series; Series name not clearly identified; Serial number not found; Original author not found; Arabic date not found
Unknown,جامع الورود,"Friday, Monday, Saturday, Sunday, Thursday, Tuesday, Wednesday",7,Other,Not Available,33,2025-12-18,Thursday,Not Available,Not Available,Not Available,Series,Not Available,٢٦ / ٦ / ١٤٤٧,Not Available,Type unclear - defaulted to Series; Series name not clearly identified; Serial number not found; Original author not found
Unknown,جامع الورود,"Friday, Monday, Saturday, Sunday, Thursday, Tuesday, Wednesday",7,Other,Not Available,34,2025-12-19,Friday,Not Available,Not Available,AUDIO-2025-12-19-17-36-02.m4a,Khutba,وقفات مع السيرة النبوية (٧),الجمعة ٢٨ / ٦ / ١٤٤٧,10:27,none
Unknown,جامع الورود,"Friday, Monday, Saturday, Sunday, Thursday, Tuesday, Wednesday",7,Other,Not Available,35,2025-12-22,Monday,الثامن,Not Available,AUDIO-2025-12-22-14-05-28.m4a,Series,Not Available,٢٩ / ٦ / ١٤٤٧,33:42,Series name not clearly identified
Unknown,جامع الورود,"Friday, Monday, Saturday, Sunday, Thursday, Tuesday, Wednesday",7,Other,Not Available,36,2025-12-24,Wednesday,Not Available,Not Available,Not Available,Series,Not Available,Not Available,Not Available,Type unclear - defaulted to Series; Series name not clearly identified; Serial number not found; Original author not found; Arabic date not found
Unknown,جامع الورود,"Friday, Monday, Saturday, Sunday, Thursday, Tuesday, Wednesday",7,Other,Not Available,37,2025-12-24,Wednesday,Not Available,Not Available,Not Available,Series,Not Available,Not Available,Not Available,Type unclear - defaulted to Series; Series name not clearly identified; Serial number not found; Original author not found; Arabic date not found
Unknown,جامع الورود,"Friday, Monday, Saturday, Sunday, Thursday, Tuesday, Wednesday",7,Other,Not Available,38,2025-12-25,Thursday,Not Available,Not Available,Not Available,Series,Not Available,Not Available,Not Available,Type unclear - defaulted to Series; Series name not clearly identified; Serial number not found; Original author not found; Arabic date not found
Unknown,جامع الورود,"Friday, Monday, Saturday, Sunday, Thursday, Tuesday, Wednesday",7,Other,Not Available,39,2025-12-26,Friday,Not Available,Not Available,AUDIO-2025-12-26-14-10-13.m4a,Khutba,بدع شهر رجب,الجمعة ٦ / ٧ / ١٤٤٧,09:40,none
Unknown,جامع الورود,"Friday, Monday, Saturday, Sunday, Thursday, Tuesday, Wednesday",7,Other,Not Available,40,2025-12-28,Sunday,Not Available,Not Available,Not Available,Series,Not Available,Not Available,Not Available,Type unclear - defaulted to Series; Series name not clearly identified; Serial number not found; Original author not found; Arabic date not found
Unknown,جامع الورود,"Friday, Monday, Saturday, Sunday, Thursday, Tuesday, Wednesday",7,Other,Not Available,41,2026-01-02,Friday,Not Available,Not Available,Not Available,Series,Not Available,Not Available,Not Available,Series name not clearly identified; Serial number not found; Original author not found; Arabic date not found
Unknown,جامع الورود,"Friday, Monday, Saturday, Sunday, Thursday, Tuesday, Wednesday",7,Other,Not Available,42,2026-01-02,Friday,Not Available,Not Available,AUD-20260102-WA0003.mp3,Khutba,وقفات مع السيرة النبوية (٨),الجمعة ١٢ / ٧ / ١٤٤٧,12:27,none
Unknown,جامع الورود,"Friday, Monday, Saturday, Sunday, Thursday, Tuesday, Wednesday",7,Other,Not Available,43,2026-01-08,Thursday,Not Available,Not Available,AUDIO-2026-01-07-19-05-05.m4a,Series,Not Available,١٨ / ٧ / ١٤٤٧,48:20,Type unclear - defaulted to Series; Series name not clearly identified; Serial number not found; Original author not found
Unknown,جامع الورود,"Friday, Monday, Saturday, Sunday, Thursday, Tuesday, Wednesday",7,Other,Not Available,44,2026-01-14,Wednesday,Not Available,Not Available,Not Available,Series,Not Available,Not Available,Not Available,Type unclear - defaulted to Series; Series name not clearly identified; Serial number not found; Original author not found; Arabic date not found
Unknown,جامع الورود,"Friday, Monday, Saturday, Sunday, Thursday, Tuesday, Wednesday",7,Other,Not Available,45,2026-01-14,Wednesday,Not Available,Not Available,Not Available,Series,Not Available,Not Available,Not Available,Type unclear - defaulted to Series; Series name not clearly identified; Serial number not found; Original author not found; Arabic date not found
Unknown,جامع الورود,"Friday, Monday, Saturday, Sunday, Thursday, Tuesday, Wednesday",7,Other,Not Available,46,2026-01-15,Thursday,Not Available,Not Available,كلمة_لابن_عقيل_عن_النجمي_رحمه_الله.mp3,Series,Not Available,Not Available,01:32,Type unclear - defaulted to Series; Series name not clearly identified; Serial number not found; Original author not found; Arabic date not found
Unknown,جامع الورود,"Friday, Monday, Saturday, Sunday, Thursday, Tuesday, Wednesday",7,Other,Not Available,47,2026-01-16,Friday,Not Available,Not Available,AUDIO-2026-01-16-14-51-11.m4a,Khutba,وقفات مع السيرة النبوية (٩),الجمعة ٢٧ / ٧ / ١٤٤٧,12:27,none
Unknown,جامع الورود,"Friday, Monday, Saturday, Sunday, Thursday, Tuesday, Wednesday",7,Other,Not Available,48,2026-01-18,Sunday,Not Available,Not Available,ÇáÔíÎ ÍÓä Èä ãÍãÏ ãäÕæÑ ÏÛÑíÑí – ÝÖá ÇáÚáã æãäÒáÉ Ãåáå,Series,Not Available,Not Available,32:54,Series name not clearly identified; Serial number not found; Original author not found; Arabic date not found
Unknown,جامع الورود,"Friday, Monday, Saturday, Sunday, Thursday, Tuesday, Wednesday",7,Other,Not Available,49,2026-01-18,Sunday,Not Available,Not Available,Not Available,Series,Not Available,Not Available,Not Available,Type unclear - defaulted to Series; Series name not clearly identified; Serial number not found; Original author not found; Arabic date not found
تأسيس الأحكام شرح عمدة الأحكام,جامع الورود,"Friday, Monday, Saturday, Sunday, Thursday, Tuesday, Wednesday",7,Hadeeth,أحمد بن يحيى النجمي,1,2025-10-07,Tuesday,Not Available,كتاب التوحيد,Not Available,Series,Not Available,Not Available,Not Available,Type unclear - defaulted to Series; Serial number not found; Arabic date not found
تأسيس الأحكام شرح عمدة الأحكام,جامع الورود,"Friday, Monday, Saturday, Sunday, Thursday, Tuesday, Wednesday",7,Hadeeth,أحمد بن يحيى النجمي,2,2025-10-07,Tuesday,الثاني والتسعون,كتاب النكاح (١),4_5992475423785622177 (1).mp3,Series,Not Available,Not Available,13:34,Arabic date not found
تأسيس الأحكام شرح عمدة الأحكام,جامع الورود,"Friday, Monday, Saturday, Sunday, Thursday, Tuesday, Wednesday",7,Hadeeth,أحمد بن يحيى النجمي,3,2025-10-09,Thursday,الثالث والتسعون,كتاب النكاح (٢),4_5996911497937164392.mp3,Series,Not Available,Not Available,17:24,Arabic date not found
تأسيس الأحكام شرح عمدة الأحكام,جامع الورود,"Friday, Monday, Saturday, Sunday, Thursday, Tuesday, Wednesday",7,Hadeeth,أحمد بن يحيى النجمي,4,2025-10-10,Friday,الرابع والتسعون,كتاب النكاح (٣),Mp3 Editor_251010210205.mp3,Series,Not Available,Not Available,24:59,Arabic date not found
تأسيس الأحكام شرح عمدة الأحكام,جامع الورود,"Friday, Monday, Saturday, Sunday, Thursday, Tuesday, Wednesday",7,Hadeeth,أحمد بن يحيى النجمي,5,2025-10-13,Monday,الأول من أول,كتاب الطهارة,Mp3 Editor_251013152911.mp3,Series,Not Available,٢٨ / ٣ / ١٤٤٧,46:46,none
تأسيس الأحكام شرح عمدة الأحكام,جامع الورود,"Friday, Monday, Saturday, Sunday, Thursday, Tuesday, Wednesday",7,Hadeeth,أحمد بن يحيى النجمي,6,2025-10-14,Tuesday,الثاني,Not Available,Mp3 Editor_251013232021.mp3,Series,Not Available,٢٩ / ٣ / ١٤٤٧,36:30,none
تأسيس الأحكام شرح عمدة الأحكام,جامع الورود,"Friday, Monday, Saturday, Sunday, Thursday, Tuesday, Wednesday",7,Hadeeth,أحمد بن يحيى النجمي,7,2025-10-15,Wednesday,الثالث,Not Available,Mp3 Editor_251015085009.mp3,Series,Not Available,٦ / ٤ / ١٤٤٧,42:13,none
تأسيس الأحكام شرح عمدة الأحكام,جامع الورود,"Friday, Monday, Saturday, Sunday, Thursday, Tuesday, Wednesday",7,Hadeeth,أحمد بن يحيى النجمي,8,2025-10-16,Thursday,الخامس والتسعون,كتاب النكاح (٤),Mp3 Editor_251015221637.mp3,Series,Not Available,Not Available,19:26,Arabic date not found
تأسيس الأحكام شرح عمدة الأحكام,جامع الورود,"Friday, Monday, Saturday, Sunday, Thursday, Tuesday, Wednesday",7,Hadeeth,أحمد بن يحيى النجمي,9,2025-10-17,Friday,السادس والتسعون,كتاب النكاح (٥),AUD-20251012-WA0033.m4a,Series,Not Available,Not Available,16:15,Arabic date not found
تأسيس الأحكام شرح عمدة الأحكام,جامع الورود,"Friday, Monday, Saturday, Sunday, Thursday, Tuesday, Wednesday",7,Hadeeth,أحمد بن يحيى النجمي,10,2025-10-17,Friday,السابع والتسعون,كتاب النكاح (٦),AUD-20251015-WA0055.m4a,Series,Not Available,Not Available,22:15,Arabic date not found
تأسيس الأحكام شرح عمدة الأحكام,جامع الورود,"Friday, Monday, Saturday, Sunday, Thursday, Tuesday, Wednesday",7,Hadeeth,أحمد بن يحيى النجمي,11,2025-10-22,Wednesday,الرابع,Not Available,Mp3 Editor_251022060402.mp3,Series,Not Available,٢٦ / ٤ / ١٤٤٧,53:01,none
تأسيس الأحكام شرح عمدة الأحكام,جامع الورود,"Friday, Monday, Saturday, Sunday, Thursday, Tuesday, Wednesday",7,Hadeeth,أحمد بن يحيى النجمي,12,2025-10-22,Wednesday,الخامس,Not Available,Mp3 Editor_251022060954.mp3,Series,Not Available,٢٧ / ٤ / ١٤٤٧,57:12,none
تأسيس الأحكام شرح عمدة الأحكام,جامع الورود,"Friday, Monday, Saturday, Sunday, Thursday, Tuesday, Wednesday",7,Hadeeth,أحمد بن يحيى النجمي,13,2025-10-23,Thursday,Not Available,كتاب الصيام :( من كتاب تأسيس الأحكام على ما صح من خير الأنام بشرح عمدة الأحكام ),Not Available,Series,Not Available,29 رجب 1437 ه,Not Available,Serial number not found
تأسيس الأحكام شرح عمدة الأحكام,جامع الورود,"Friday, Monday, Saturday, Sunday, Thursday, Tuesday, Wednesday",7,Hadeeth,أحمد بن يحيى النجمي,14,2025-10-23,Thursday,Not Available,كتاب الصيام :( من كتاب تأسيس الأحكام على ما صح من خير الأنام بشرح عمدة الأحكام ),Not Available,Series,Not Available,Not Available,Not Available,Serial number not found; Arabic date not found
تأسيس الأحكام شرح عمدة الأحكام,جامع الورود,"Friday, Monday, Saturday, Sunday, Thursday, Tuesday, Wednesday",7,Hadeeth,أحمد بن يحيى النجمي,15,2025-10-23,Thursday,Not Available,كتاب الصيام :( من كتاب تأسيس الأحكام على ما صح من خير الأنام بشرح عمدة الأحكام ),Not Available,Series,Not Available,Not Available,Not Available,Serial number not found; Arabic date not found
تأسيس الأحكام شرح عمدة الأحكام,جامع الورود,"Friday, Monday, Saturday, Sunday, Thursday, Tuesday, Wednesday",7,Hadeeth,أحمد بن يحيى النجمي,16,2025-10-23,Thursday,Not Available,كتاب الصيام :( من كتاب تأسيس الأحكام على ما صح من خير الأنام بشرح عمدة الأحكام ),Not Available,Series,Not Available,Not Available,Not Available,Serial number not found; Arabic date not found
تأسيس الأحكام شرح عمدة الأحكام,جامع الورود,"Friday, Monday, Saturday, Sunday, Thursday, Tuesday, Wednesday",7,Hadeeth,أحمد بن يحيى النجمي,17,2025-10-23,Thursday,Not Available,كتاب الصيام : ( من كتاب تأسيس الأحكام على ما صح من خير الأنام بشرح عمدة الأحكام ),Not Available,Series,Not Available,Not Available,Not Available,Serial number not found; Arabic date not found
تأسيس الأحكام شرح عمدة الأحكام,جامع الورود,"Friday, Monday, Saturday, Sunday, Thursday, Tuesday, Wednesday",7,Hadeeth,أحمد بن يحيى النجمي,18,2025-10-23,Thursday,Not Available,كتاب الصيام : ( من كتاب تأسيس الأحكام على ما صح من خير الأنام بشرح عمدة الأحكام ),Not Available,Series,Not Available,Not Available,Not Available,Serial number not found; Arabic date not found
تأسيس الأحكام شرح عمدة الأحكام,جامع الورود,"Friday, Monday, Saturday, Sunday, Thursday, Tuesday, Wednesday",7,Hadeeth,أحمد بن يحيى النجمي,19,2025-10-23,Thursday,Not Available,كتاب الصيام : ( من كتاب تأسيس الأحكام على ما صح من خير الأنام بشرح عمدة الأحكام ),Not Available,Series,Not Available,29 رجب 1437 ه,Not Available,Serial number not found
تأسيس الأحكام شرح عمدة الأحكام,جامع الورود,"Friday, Monday, Saturday, Sunday, Thursday, Tuesday, Wednesday",7,Hadeeth,أحمد بن يحيى النجمي,20,2025-10-23,Thursday,Not Available,كتاب الطهارة,Not Available,Series,Not Available,Not Available,Not Available,Serial number not found; Arabic date not found
تأسيس الأحكام شرح عمدة الأحكام,جامع الورود,"Friday, Monday, Saturday, Sunday, Thursday, Tuesday, Wednesday",7,Hadeeth,أحمد بن يحيى النجمي,21,2025-10-23,Thursday,Not Available,كتاب ( تأسيس الأحكام على ما صح من خير الأنام بشرح عمدة الأحكام ),Not Available,Series,Not Available,20 شوال 1437 ه,Not Available,Serial number not found
تأسيس الأحكام شرح عمدة الأحكام,جامع الورود,"Friday, Monday, Saturday, Sunday, Thursday, Tuesday, Wednesday",7,Hadeeth,أحمد بن يحيى النجمي,22,2025-10-23,Thursday,Not Available,كتاب الطهارة : من كتاب تأسيس الأحكام على ما صح من خير الأنام بشرح عمدة الأحكام.,Not Available,Series,Not Available,05 ذوالقعدة 1437 ه,Not Available,Type unclear - defaulted to Series; Serial number not found
تأسيس الأحكام شرح عمدة الأحكام,جامع الورود,"Friday, Monday, Saturday, Sunday, Thursday, Tuesday, Wednesday",7,Hadeeth,أحمد بن يحيى النجمي,23,2025-10-23,Thursday,Not Available,كتاب ( تأسيس الأحكام على ما صح من خير الأنام بشرح عمدة الأحكام ),Not Available,Series,Not Available,Not Available,Not Available,Serial number not found; Arabic date not found
تأسيس الأحكام شرح عمدة الأحكام,جامع الورود,"Friday, Monday, Saturday, Sunday, Thursday, Tuesday, Wednesday",7,Hadeeth,أحمد بن يحيى النجمي,24,2025-10-23,Thursday,Not Available,كتاب الطهارة,Not Available,Series,Not Available,Not Available,Not Available,Serial number not found; Arabic date not found
تأسيس الأحكام شرح عمدة الأحكام,جامع الورود,"Friday, Monday, Saturday, Sunday, Thursday, Tuesday, Wednesday",7,Hadeeth,أحمد بن يحيى النجمي,25,2025-10-23,Thursday,Not Available,Not Available,Not Available,Series,Not Available,Not Available,Not Available,Serial number not found; Arabic date not found
تأسيس الأحكام شرح عمدة الأحكام,جامع الورود,"Friday, Monday, Saturday, Sunday, Thursday, Tuesday, Wednesday",7,Hadeeth,أحمد بن يحيى النجمي,26,2025-10-23,Thursday,025,Not Available,Not Available,Series,Not Available,Not Available,Not Available,Arabic date not found
تأسيس الأحكام شرح عمدة الأحكام,جامع الورود,"Friday, Monday, Saturday, Sunday, Thursday, Tuesday, Wednesday",7,Hadeeth,أحمد بن يحيى النجمي,27,2025-10-23,Thursday,026,Not Available,Not Available,Series,Not Available,Not Available,Not Available,Arabic date not found
تأسيس الأحكام شرح عمدة الأحكام,جامع الورود,"Friday, Monday, Saturday, Sunday, Thursday, Tuesday, Wednesday",7,Hadeeth,أحمد بن يحيى النجمي,28,2025-10-23,Thursday,027,Not Available,Not Available,Series,Not Available,Not Available,Not Available,Arabic date not found
تأسيس الأحكام شرح عمدة الأحكام,جامع الورود,"Friday, Monday, Saturday, Sunday, Thursday, Tuesday, Wednesday",7,Hadeeth,أحمد بن يحيى النجمي,29,2025-10-23,Thursday,Not Available,Not Available,Not Available,Series,Not Available,Not Available,Not Available,Serial number not found; Arabic date not found
تأسيس الأحكام شرح عمدة الأحكام,جامع الورود,"Friday, Monday, Saturday, Sunday, Thursday, Tuesday, Wednesday",7,Hadeeth,أحمد بن يحيى النجمي,30,2025-10-23,Thursday,Not Available,كتاب الصيام : ( من كتاب تأسيس الأحكام على ما صح من خير الأنام بشرح عمدة الأحكام ),Not Available,Series,Not Available,29 رجب 1437 ه,Not Available,Serial number not found
تأسيس الأحكام شرح عمدة الأحكام,جامع الورود,"Friday, Monday, Saturday, Sunday, Thursday, Tuesday, Wednesday",7,Hadeeth,أحمد بن يحيى النجمي,31,2025-11-27,Thursday,السادس,Not Available,Mp3 Editor_251127124529.mp3,Series,Not Available,١١ / ٥ / ١٤٤٧,42:40,none
تأسيس الأحكام شرح عمدة الأحكام,جامع الورود,"Friday, Monday, Saturday, Sunday, Thursday, Tuesday, Wednesday",7,Hadeeth,أحمد بن يحيى النجمي,32,2025-11-27,Thursday,السابع,Not Available,Mp3 Editor_251127133948.mp3,Series,Not Available,١٢ / ٥ / ١٤٤٧,43:57,none
تأسيس الأحكام شرح عمدة الأحكام,جامع الورود,"Friday, Monday, Saturday, Sunday, Thursday, Tuesday, Wednesday",7,Hadeeth,أحمد بن يحيى النجمي,33,2025-11-30,Sunday,الثامن,Not Available,Mp3 Editor_251129224717.mp3,Series,Not Available,١٨ / ٥ / ١٤٤٧,55:43,none
تأسيس الأحكام شرح عمدة الأحكام,جامع الورود,"Friday, Monday, Saturday, Sunday, Thursday, Tuesday, Wednesday",7,Hadeeth,أحمد بن يحيى النجمي,34,2025-12-02,Tuesday,التاسع ونهاية الجزء الأول,Not Available,Mp3 Editor_251202153513.mp3,Series,Not Available,٢٥ / ٥ / ١٤٤٧,55:49,none
تأسيس الأحكام شرح عمدة الأحكام,جامع الورود,"Friday, Monday, Saturday, Sunday, Thursday, Tuesday, Wednesday",7,Hadeeth,أحمد بن يحيى النجمي,35,2025-12-08,Monday,الثاني من كتاب الصلاة,كتاب الصلاة بجامع الورود,Mp3 Editor_251208205847.mp3,Series,Not Available,٩ / ٦ / ١٤٤٧,42:51,none
تأسيس الأحكام شرح عمدة الأحكام,جامع الورود,"Friday, Monday, Saturday, Sunday, Thursday, Tuesday, Wednesday",7,Hadeeth,أحمد بن يحيى النجمي,36,2025-12-08,Monday,الثالث من كتاب الصلاة,كتاب الصلاة بجامع الورود,Mp3 Editor_251208210432.mp3,Series,Not Available,١٠ / ٦ / ١٤٤٧,33:27,none
تأسيس الأحكام شرح عمدة الأحكام,جامع الورود,"Friday, Monday, Saturday, Sunday, Thursday, Tuesday, Wednesday",7,Hadeeth,أحمد بن يحيى النجمي,37,2025-12-13,Saturday,الأول من اول كتاب الصلاة,كتاب الصلاة بجامع الورود,AUD-20251213-WA0001.m4a,Series,Not Available,٢٦ / ٥ / ١٤٤٧,45:03,none
تأسيس الأحكام شرح عمدة الأحكام,جامع الورود,"Friday, Monday, Saturday, Sunday, Thursday, Tuesday, Wednesday",7,Hadeeth,أحمد بن يحيى النجمي,38,2025-12-18,Thursday,الرابع من كتاب الصلاة,كتاب الصلاة بجامع الورود,AUD-20251208-WA0007.m4a,Series,Not Available,١٧ / ٦ / ١٤٤٧,44:32,none
تأسيس الأحكام شرح عمدة الأحكام,جامع الورود,"Friday, Monday, Saturday, Sunday, Thursday, Tuesday, Wednesday",7,Hadeeth,أحمد بن يحيى النجمي,39,2025-12-18,Thursday,الخامس من كتاب الصلاة,كتاب الصلاة بجامع الورود,AUD-20251218-WA0000.m4a,Series,Not Available,٢٣ / ٦ / ١٤٤٧,52:52,none
تأسيس الأحكام شرح عمدة الأحكام,جامع الورود,"Friday, Monday, Saturday, Sunday, Thursday, Tuesday, Wednesday",7,Hadeeth,أحمد بن يحيى النجمي,40,2025-12-22,Monday,السابع من كتاب الصلاة,كتاب الصلاة بجامع الورود,AUDIO-2025-12-22-14-05-29.m4a,Series,Not Available,١ /٧ /١٤٤٧,42:29,none
تأسيس الأحكام شرح عمدة الأحكام,جامع الورود,"Friday, Monday, Saturday, Sunday, Thursday, Tuesday, Wednesday",7,Hadeeth,أحمد بن يحيى النجمي,41,2025-12-22,Monday,السادس من كتاب الصلاة,كتاب الصلاة بجامع الورود,AUDIO-2025-12-22-17-23-19.m4a,Series,Not Available,٢٤ /٦ /١٤٤٧,50:34,none
تأسيس الأحكام شرح عمدة الأحكام,جامع الورود,"Friday, Monday, Saturday, Sunday, Thursday, Tuesday, Wednesday",7,Hadeeth,أحمد بن يحيى النجمي,42,2025-12-22,Monday,الثامن من كتاب الصلاة,كتاب الصلاة بجامع الورود,AUDIO-2025-12-22-17-31-28.m4a,Series,Not Available,٢ /٧ /١٤٤٧,29:39,none
تأسيس الأحكام شرح عمدة الأحكام,جامع الورود,"Friday, Monday, Saturday, Sunday, Thursday, Tuesday, Wednesday",7,Hadeeth,أحمد بن يحيى النجمي,43,2025-12-28,Sunday,التاسع من كتاب الصلاة,كتاب الصلاة بجامع الورود,AUDIO-2025-12-28-19-49-38.m4a,Series,Not Available,٨ /٧ /١٤٤٧,54:29,none
تأسيس الأحكام شرح عمدة الأحكام,جامع الورود,"Friday, Monday, Saturday, Sunday, Thursday, Tuesday, Wednesday",7,Hadeeth,أحمد بن يحيى النجمي,44,2025-12-30,Tuesday,العاشر من كتاب الصلاة,كتاب الصلاة بجامع الورود,AUDIO-2025-12-29-20-23-21.m4a,Series,Not Available,٩ /٧ /١٤٤٧,53:49,none
تأسيس الأحكام شرح عمدة الأحكام,جامع الورود,"Friday, Monday, Saturday, Sunday, Thursday, Tuesday, Wednesday",7,Hadeeth,أحمد بن يحيى النجمي,45,2026-01-17,Saturday,Not Available,باب ونحوها ، وقد قال الله تعالى : ( وَأَنَّ الْمَسَاجِدَ لِلَّهِ فَلَا تَدْعُوا مَعَ اللَّهِ أَحَدًا ) ( الجن : ١٨ ) وقال تعالى : ” وَإِذْ بَوَّأْنَا لِإِبْرَاهِيمَ مَكَانَ الْبَيْتِ أَن لَّا تُشْرِكْ بِي شَيْئًا وَطَهِّرْ بَيْتِيَ لِلطَّائِفِينَ وَالْقَائِمِينَ وَالرُّكَّعِ السُّجُودِ ” ( الحج : ٢٦ ) .,Not Available,Series,Not Available,Not Available,Not Available,Type unclear - defaulted to Series; Serial number not found; Arabic date not found
تأسيس الأحكام شرح عمدة الأحكام,جامع الورود,"Friday, Monday, Saturday, Sunday, Thursday, Tuesday, Wednesday",7,Hadeeth,أحمد بن يحيى النجمي,46,2026-01-19,Monday,الحادي عشر من كتاب الصلاة,كتاب الصلاة بجامع الورود,AUDIO-2026-01-18-20-40-12.m4a,Series,Not Available,٢٩ /٧ /١٤٤٧,32:54,none
تأسيس الأحكام شرح عمدة الأحكام,جامع الورود,"Friday, Monday, Saturday, Sunday, Thursday, Tuesday, Wednesday",7,Hadeeth,أحمد بن يحيى النجمي,47,2026-01-19,Monday,الثاني عشر من كتاب الصلاة,كتاب الصلاة بجامع الورود,AUDIO-2026-01-19-18-59-34.m4a,Series,Not Available,٣٠ /٧ /١٤٤٧,29:30,none
الملخص شرح كتاب التوحيد,جامع الورود,"Friday, Monday, Sunday, Thursday, Tuesday, Wednesday",6,Aqeedah,صالح الفوزان,1,2025-10-08,Wednesday,الأول,كتاب التوحيد,4_5996911497937164203.mp3,Series,Not Available,١٥ / ٣ / ١٤٤٧,14:48,none
الملخص شرح كتاب التوحيد,جامع الورود,"Friday, Monday, Sunday, Thursday, Tuesday, Wednesday",6,Aqeedah,صالح الفوزان,2,2025-10-09,Thursday,الثاني,كتاب التوحيد,4_5996911497937164379.mp3,Series,Not Available,١٧ / ٣ / ١٤٤٧,11:47,none
الملخص شرح كتاب التوحيد,جامع الورود,"Friday, Monday, Sunday, Thursday, Tuesday, Wednesday",6,Aqeedah,صالح الفوزان,3,2025-10-09,Thursday,الثالث,كتاب التوحيد,Mp3 Editor_251009191509.mp3,Series,Not Available,٢٢ / ٣ / ١٤٤٧,12:41,none
الملخص شرح كتاب التوحيد,جامع الورود,"Friday, Monday, Sunday, Thursday, Tuesday, Wednesday",6,Aqeedah,صالح الفوزان,4,2025-10-10,Friday,الرابع,كتاب التوحيد,Mp3 Editor_251010203747.mp3,Series,Not Available,٢٤ / ٣ / ١٤٤٧,14:43,none
الملخص شرح كتاب التوحيد,جامع الورود,"Friday, Monday, Sunday, Thursday, Tuesday, Wednesday",6,Aqeedah,صالح الفوزان,5,2025-10-14,Tuesday,الخامس,كتاب التوحيد,Mp3 Editor_251013233321.mp3,Series,Not Available,٢٩ / ٣ / ١٤٤٧,10:35,none
الملخص شرح كتاب التوحيد,جامع الورود,"Friday, Monday, Sunday, Thursday, Tuesday, Wednesday",6,Aqeedah,صالح الفوزان,6,2025-10-15,Wednesday,السادس,كتاب التوحيد,Mp3 Editor_251015104410.mp3,Series,Not Available,٦ / ٤ / ١٤٤٧,12:05,none
الملخص شرح كتاب التوحيد,جامع الورود,"Friday, Monday, Sunday, Thursday, Tuesday, Wednesday",6,Aqeedah,صالح الفوزان,7,2025-10-15,Wednesday,السابع,كتاب التوحيد,Mp3 Editor_251015105458.mp3,Series,Not Available,٧ / ٤ / ١٤٤٧,14:05,none
الملخص شرح كتاب التوحيد,جامع الورود,"Friday, Monday, Sunday, Thursday, Tuesday, Wednesday",6,Aqeedah,صالح الفوزان,8,2025-10-16,Thursday,الثامن,كتاب التوحيد,Mp3 Editor_251015223832.mp3,Series,Not Available,١٣ / ٤ / ١٤٤٧,06:59,none
الملخص شرح كتاب التوحيد,جامع الورود,"Friday, Monday, Sunday, Thursday, Tuesday, Wednesday",6,Aqeedah,صالح الفوزان,9,2025-10-17,Friday,التاسع,كتاب التوحيد,Mp3 Editor_251017120729.mp3,Series,Not Available,١٥ / ٤ / ١٤٤٧,06:47,none
الملخص شرح كتاب التوحيد,جامع الورود,"Friday, Monday, Sunday, Thursday, Tuesday, Wednesday",6,Aqeedah,صالح الفوزان,10,2025-10-17,Friday,العاشر,كتاب التوحيد,Mp3 Editor_251017153618.mp3,Series,Not Available,٢٠ / ٤ / ١٤٤٧,09:22,none
الملخص شرح كتاب التوحيد,جامع الورود,"Friday, Monday, Sunday, Thursday, Tuesday, Wednesday",6,Aqeedah,صالح الفوزان,11,2025-10-17,Friday,الحادي عشر,كتاب التوحيد,Mp3 Editor_251017170123.mp3,Series,Not Available,٢٢ / ٤ / ١٤٤٧,07:50,none
الملخص شرح كتاب التوحيد,جامع الورود,"Friday, Monday, Sunday, Thursday, Tuesday, Wednesday",6,Aqeedah,صالح الفوزان,12,2025-10-22,Wednesday,الثاني عشر,كتاب التوحيد,Mp3 Editor_251022061746.mp3,Series,Not Available,٢٧ / ٤ / ١٤٤٧,18:26,none
الملخص شرح كتاب التوحيد,جامع الورود,"Friday, Monday, Sunday, Thursday, Tuesday, Wednesday",6,Aqeedah,صالح الفوزان,13,2025-10-26,Sunday,الثالث عشر,كتاب التوحيد,Mp3 Editor_251026022439.mp3,Series,Not Available,Not Available,09:45,Arabic date not found
الملخص شرح كتاب التوحيد,جامع الورود,"Friday, Monday, Sunday, Thursday, Tuesday, Wednesday",6,Aqeedah,صالح الفوزان,14,2025-10-29,Wednesday,الرابع عشر,كتاب التوحيد,AUD-20251029-WA0002.m4a,Series,Not Available,٤ / ٥ / ١٤٤٧,16:22,none
الملخص شرح كتاب التوحيد,جامع الورود,"Friday, Monday, Sunday, Thursday, Tuesday, Wednesday",6,Aqeedah,صالح الفوزان,15,2025-10-29,Wednesday,الخامس عشر,كتاب التوحيد,Ringtone_AUD-20251029-WA0006.mp3,Series,Not Available,٦ / ٥ / ١٤٤٧,07:22,none
الملخص شرح كتاب التوحيد,جامع الورود,"Friday, Monday, Sunday, Thursday, Tuesday, Wednesday",6,Aqeedah,صالح الفوزان,16,2025-11-27,Thursday,السادس عشر,كتاب التوحيد,Mp3 Editor_251127124005.mp3,Series,Not Available,١١ / ٥ / ١٤٤٧,09:15,none
الملخص شرح كتاب التوحيد,جامع الورود,"Friday, Monday, Sunday, Thursday, Tuesday, Wednesday",6,Aqeedah,صالح الفوزان,17,2025-11-30,Sunday,السابع عشر,كتاب التوحيد,Mp3 Editor_251129225126.mp3,Series,Not Available,١٨ / ٥ / ١٤٤٧,10:17,none
الملخص شرح كتاب التوحيد,جامع الورود,"Friday, Monday, Sunday, Thursday, Tuesday, Wednesday",6,Aqeedah,صالح الفوزان,18,2025-12-02,Tuesday,الثامن عشر,كتاب التوحيد,Mp3 Editor_251201223831.mp3,Series,Not Available,٢٠ / ٥ / ١٤٤٧,10:46,none
الملخص شرح كتاب التوحيد,جامع الورود,"Friday, Monday, Sunday, Thursday, Tuesday, Wednesday",6,Aqeedah,صالح الفوزان,19,2025-12-02,Tuesday,التاسع عشر,كتاب التوحيد,Mp3 Editor_251202160312.mp3,Series,Not Available,٢٥ / ٥ / ١٤٤٧,06:58,none
الملخص شرح كتاب التوحيد,جامع الورود,"Friday, Monday, Sunday, Thursday, Tuesday, Wednesday",6,Aqeedah,صالح الفوزان,20,2025-12-08,Monday,العشرون,كتاب التوحيد,AUD-20251208-WA0006.m4a,Series,Not Available,٢٥ / ٥ / ١٤٤٧,08:14,none
الملخص شرح كتاب التوحيد,جامع الورود,"Friday, Monday, Sunday, Thursday, Tuesday, Wednesday",6,Aqeedah,صالح الفوزان,21,2025-12-09,Tuesday,الواحد والعشرون,كتاب التوحيد,AUD-20251208-WA0009.m4a,Series,Not Available,١١ / ٦ / ١٤٤٧,11:28,none
الملخص شرح كتاب التوحيد,جامع الورود,"Friday, Monday, Sunday, Thursday, Tuesday, Wednesday",6,Aqeedah,صالح الفوزان,22,2025-12-09,Tuesday,الثاني والعشرون,كتاب التوحيد,AUD-20251208-WA0010.m4a,Series,Not Available,Not Available,13:54,Arabic date not found
الملخص شرح كتاب التوحيد,جامع الورود,"Friday, Monday, Sunday, Thursday, Tuesday, Wednesday",6,Aqeedah,صالح الفوزان,23,2025-12-12,Friday,الخامس والعشرون,كتاب التوحيد,AUD-20251212-WA0000.m4a,Series,Not Available,Not Available,17:02,Arabic date not found
الملخص شرح كتاب التوحيد,جامع الورود,"Friday, Monday, Sunday, Thursday, Tuesday, Wednesday",6,Aqeedah,صالح الفوزان,24,2025-12-18,Thursday,السادس والعشرون,كتاب التوحيد,AUD-20251217-WA0001.m4a,Series,Not Available,Not Available,14:17,Arabic date not found
الملخص شرح كتاب التوحيد,جامع الورود,"Friday, Monday, Sunday, Thursday, Tuesday, Wednesday",6,Aqeedah,صالح الفوزان,25,2025-12-22,Monday,الثامن والعشرون,كتاب التوحيد,AUDIO-2025-12-22-14-05-29.m4a,Series,Not Available,١ /٧ / ١٤٤٧,12:04,none
الملخص شرح كتاب التوحيد,جامع الورود,"Friday, Monday, Sunday, Thursday, Tuesday, Wednesday",6,Aqeedah,صالح الفوزان,26,2025-12-22,Monday,السابع والعشرون,كتاب التوحيد,AUDIO-2025-12-22-17-22-12.m4a,Series,Not Available,٦/٢٥/ ١٤٤٧,19:35,none
الملخص شرح كتاب التوحيد,جامع الورود,"Friday, Monday, Sunday, Thursday, Tuesday, Wednesday",6,Aqeedah,صالح الفوزان,27,2025-12-24,Wednesday,التاسع والعشرون,كتاب التوحيد,AUDIO-2025-12-24-17-02-49.m4a,Series,Not Available,٣ / ٧ /١٤٤٧,08:16,none
الملخص شرح كتاب التوحيد,جامع الورود,"Friday, Monday, Sunday, Thursday, Tuesday, Wednesday",6,Aqeedah,صالح الفوزان,28,2025-12-28,Sunday,Not Available,كتاب التعليقات البهية على الرسائل العقدية) بجامع الورود,AUDIO-2025-12-27-19-33-23.m4a,Series,Not Available,٧ /٧/ ١٤٤٧,1:04,Serial number not found
الملخص شرح كتاب التوحيد,جامع الورود,"Friday, Monday, Sunday, Thursday, Tuesday, Wednesday",6,Aqeedah,صالح الفوزان,29,2025-12-28,Sunday,الثلاثون,كتاب التوحيد,AUDIO-2025-12-28-19-47-31.m4a,Series,Not Available,٨ /٧/ ١٤٤٧,09:14,none
الملخص شرح كتاب التوحيد,جامع الورود,"Friday, Monday, Sunday, Thursday, Tuesday, Wednesday",6,Aqeedah,صالح الفوزان,30,2025-12-31,Wednesday,Not Available,كتاب التوحيد,AUDIO-2025-12-30-18-50-52.m4a,Series,Not Available,١٠ /٧/ ١٤٤٧,11:27,Serial number not found
الملخص شرح كتاب التوحيد,جامع الورود,"Friday, Monday, Sunday, Thursday, Tuesday, Wednesday",6,Aqeedah,صالح الفوزان,31,2026-01-11,Sunday,Not Available,كتاب والسنة ؛ ومن ذلكم ما يلي:,Not Available,Series,Not Available,Not Available,Not Available,Type unclear - defaulted to Series; Serial number not found; Arabic date not found
الملخص شرح كتاب التوحيد,جامع الورود,"Friday, Monday, Sunday, Thursday, Tuesday, Wednesday",6,Aqeedah,صالح الفوزان,32,2026-01-11,Sunday,Not Available,كتاب الله ، وسنة نبيه صلى الله عليه وسلم ؛ وما كان عليه سلفنا الصالحين ؛ أوردت بعضها دلالةً على غيرها ؛ وأسأل الله أن يعظّم الإيمان في قلوبنا ، ومنهج أهل السنة والجماعة في أفعالنا ، اللهم اجعلنا من الدعاة إليك بعلمٍ واخلاصٍ وحكمة ؛ ولا تزغ قلوبنا عن الحق بعد إذ هديتنا إليه ؛ اللهم اجعل خير أعمالنا أواخرها ، وخير أعمارنا خواتمها ؛ وخير أيامنا يوم نلقاك ، وقد رضيت عنا وأرضيتنا .اللهم آمين .,Not Available,Series,Not Available,Not Available,Not Available,Type unclear - defaulted to Series; Serial number not found; Arabic date not found
الملخص شرح كتاب التوحيد,جامع الورود,"Friday, Monday, Sunday, Thursday, Tuesday, Wednesday",6,Aqeedah,صالح الفوزان,33,2026-01-11,Sunday,Not Available,كتاب الله، وسنة رسول الله صلى الله عليه وسلم على فهم السلف الصالح، وأن يأخذ بأقوال العلماء السلفيين الراسخين في العلم والحكمة في جميع مسائل الدين أصوله وفروعه، واجبه ومستحبه، حلاله وحرامه، محكمه ومتشابهه؛ ليسلم من مضلات الفتن، الظاهرة منها والباطنة، مع الإكثار من دعاء الله أن يريه الحق حقا؛ ويرزقه اتباعه، وأن يريه الباطل باطلاً؛ ويرزقه اجتنابه، وألا يجعله ملتبساً عليه فيضل؛ هذا والله أعلم، وصلى الله وسلم على نبينا محمد بن عبد الله وآله، وصحبه، وسلم عليهم تسليماً مزيداً»اهـ,Not Available,Series,Not Available,٢٢ / ٧ / ١٤٤٧,Not Available,Type unclear - defaulted to Series; Serial number not found
الملخص شرح كتاب التوحيد,جامع الورود,"Friday, Monday, Sunday, Thursday, Tuesday, Wednesday",6,Aqeedah,صالح الفوزان,34,2026-01-19,Monday,الثاني والثلاثون,كتاب التوحيد,AUDIO-2026-01-18-20-41-26.m4a,Series,Not Available,٢٩ /٧/ ١٤٤٧,13:35,none
الملخص الفقهي,جامع الورود,"Friday, Monday, Sunday, Thursday, Tuesday, Wednesday",6,Fiqh,صالح الفوزان,1,2025-10-09,Thursday,الأول,Not Available,4_5999163297750849130.mp3,Series,Not Available,١٦ / ٣ / ١٤٤٧,11:05,none
الملخص الفقهي,جامع الورود,"Friday, Monday, Sunday, Thursday, Tuesday, Wednesday",6,Fiqh,صالح الفوزان,2,2025-10-10,Friday,الثاني,Not Available,Mp3 Editor_251010051137.mp3,Series,Not Available,١٨ / ٣ / ١٤٤٧,10:03,none
الملخص الفقهي,جامع الورود,"Friday, Monday, Sunday, Thursday, Tuesday, Wednesday",6,Fiqh,صالح الفوزان,3,2025-10-10,Friday,الثالث,Not Available,4_5999204516551989829.mp3,Series,Not Available,٢٣ / ٣ / ١٤٤٧,12:42,none
الملخص الفقهي,جامع الورود,"Friday, Monday, Sunday, Thursday, Tuesday, Wednesday",6,Fiqh,صالح الفوزان,4,2025-10-10,Friday,الرابع,Not Available,Mp3 Editor_251010204311.mp3,Series,Not Available,٢٥ / ٣ / ١٤٤٧,11:58,none
الملخص الفقهي,جامع الورود,"Friday, Monday, Sunday, Thursday, Tuesday, Wednesday",6,Fiqh,صالح الفوزان,5,2025-10-14,Tuesday,الخامس,Not Available,Mp3 Editor_251013233847.mp3,Series,Not Available,٣٠ / ٣ / ١٤٤٧,15:41,none
الملخص الفقهي,جامع الورود,"Friday, Monday, Sunday, Thursday, Tuesday, Wednesday",6,Fiqh,صالح الفوزان,6,2025-10-15,Wednesday,السادس,Not Available,Mp3 Editor_251015105923.mp3,Series,Not Available,٧ / ٤ / ١٤٤٧,08:34,none
الملخص الفقهي,جامع الورود,"Friday, Monday, Sunday, Thursday, Tuesday, Wednesday",6,Fiqh,صالح الفوزان,7,2025-10-16,Thursday,السابع,Not Available,Mp3 Editor_251015222016.mp3,Series,Not Available,٩ / ٤ / ١٤٤٧,13:12,none
الملخص الفقهي,جامع الورود,"Friday, Monday, Sunday, Thursday, Tuesday, Wednesday",6,Fiqh,صالح الفوزان,8,2025-10-16,Thursday,الثامن,Not Available,Mp3 Editor_251015225547.mp3,Series,Not Available,١٤ / ٤ / ١٤٤٧,09:58,none
الملخص الفقهي,جامع الورود,"Friday, Monday, Sunday, Thursday, Tuesday, Wednesday",6,Fiqh,صالح الفوزان,9,2025-10-17,Friday,التاسع,Not Available,Mp3 Editor_251017121802.mp3,Series,Not Available,١٦ / ٤ / ١٤٤٧,08:25,none
الملخص الفقهي,جامع الورود,"Friday, Monday, Sunday, Thursday, Tuesday, Wednesday",6,Fiqh,صالح الفوزان,10,2025-10-17,Friday,العاشر,Not Available,Mp3 Editor_251017153959.mp3,Series,Not Available,٢١ / ٤ / ١٤٤٧,05:16,none
الملخص الفقهي,جامع الورود,"Friday, Monday, Sunday, Thursday, Tuesday, Wednesday",6,Fiqh,صالح الفوزان,11,2025-10-17,Friday,الحادي عشر,Not Available,Mp3 Editor_251017170646.mp3,Series,Not Available,٢٣ / ٤ / ١٤٤٧,08:37,none
الملخص الفقهي,جامع الورود,"Friday, Monday, Sunday, Thursday, Tuesday, Wednesday",6,Fiqh,صالح الفوزان,12,2025-10-26,Sunday,الثاني عشر,Not Available,Mp3 Editor_251026021742.mp3,Series,Not Available,٢٨ / ٤ / ١٤٤٧,11:02,none
الملخص الفقهي,جامع الورود,"Friday, Monday, Sunday, Thursday, Tuesday, Wednesday",6,Fiqh,صالح الفوزان,13,2025-10-26,Sunday,الثالث عشر,Not Available,Mp3 Editor_251026023758.mp3,Series,Not Available,٣٠ / ٤ / ١٤٤٧,10:56,none
الملخص الفقهي,جامع الورود,"Friday, Monday, Sunday, Thursday, Tuesday, Wednesday",6,Fiqh,صالح الفوزان,14,2025-10-29,Wednesday,الرابع عشر,Not Available,AUD-20251029-WA0004.m4a,Series,Not Available,٥ / ٥ / ١٤٤٧,05:56,none
الملخص الفقهي,جامع الورود,"Friday, Monday, Sunday, Thursday, Tuesday, Wednesday",6,Fiqh,صالح الفوزان,15,2025-10-29,Wednesday,Not Available,Not Available,Not Available,Series,Not Available,Not Available,Not Available,Type unclear - defaulted to Series; Serial number not found; Arabic date not found
الملخص الفقهي,جامع الورود,"Friday, Monday, Sunday, Thursday, Tuesday, Wednesday",6,Fiqh,صالح الفوزان,16,2025-11-04,Tuesday,الخامس عشر,Not Available,AUD-20251104-WA0000.m4a,Series,Not Available,٧ / ٥ / ١٤٤٧,15:18,none
الملخص الفقهي,جامع الورود,"Friday, Monday, Sunday, Thursday, Tuesday, Wednesday",6,Fiqh,صالح الفوزان,17,2025-11-27,Thursday,السادس عشر,Not Available,Mp3 Editor_251127133423.mp3,Series,Not Available,١٢ / ٥ / ١٤٤٧,12:43,none
الملخص الفقهي,جامع الورود,"Friday, Monday, Sunday, Thursday, Tuesday, Wednesday",6,Fiqh,صالح الفوزان,18,2025-12-02,Tuesday,الثامن عشر,Not Available,Mp3 Editor_251201224432.mp3,Series,Not Available,٢١ / ٥ / ١٤٤٧,11:25,none
الملخص الفقهي,جامع الورود,"Friday, Monday, Sunday, Thursday, Tuesday, Wednesday",6,Fiqh,صالح الفوزان,19,2025-12-08,Monday,العشرون,Not Available,Mp3 Editor_251208211500 (1).mp3,Series,Not Available,٢٨ / ٥ / ١٤٤٧,12:09,none
الملخص الفقهي,جامع الورود,"Friday, Monday, Sunday, Thursday, Tuesday, Wednesday",6,Fiqh,صالح الفوزان,20,2025-12-09,Tuesday,الواحد والعشرون,Not Available,Mp3 Editor_251208225109.mp3,Series,Not Available,١٠ / ٦ / ١٤٤٧,12:00,none
الملخص الفقهي,جامع الورود,"Friday, Monday, Sunday, Thursday, Tuesday, Wednesday",6,Fiqh,صالح الفوزان,21,2025-12-09,Tuesday,الثاني والعشرون,Not Available,Mp3 Editor_251208230041.mp3,Series,Not Available,١١ / ٦ / ١٤٤٧,22:07,none
الملخص الفقهي,جامع الورود,"Friday, Monday, Sunday, Thursday, Tuesday, Wednesday",6,Fiqh,صالح الفوزان,22,2025-12-11,Thursday,السابع عشر,Not Available,AUD-20251211-WA0003.m4a,Series,Not Available,١٤ / ٥ / ١٤٤٧,12:52,none
الملخص الفقهي,جامع الورود,"Friday, Monday, Sunday, Thursday, Tuesday, Wednesday",6,Fiqh,صالح الفوزان,23,2025-12-11,Thursday,التاسع عشر,Not Available,AUD-20251211-WA0007.m4a,Series,Not Available,٢٦ / ٥ / ١٤٤٧,13:20,none
الملخص الفقهي,جامع الورود,"Friday, Monday, Sunday, Thursday, Tuesday, Wednesday",6,Fiqh,صالح الفوزان,24,2025-12-11,Thursday,الثالث والعشرون,كتاب الصلاة ( ١ ),Ringtone_AUD-20251211-WA0008.mp3,Series,Not Available,١٧ / ٦ / ١٤٤٧,09:07,none
الملخص الفقهي,جامع الورود,"Friday, Monday, Sunday, Thursday, Tuesday, Wednesday",6,Fiqh,صالح الفوزان,25,2025-12-18,Thursday,الرابع والعشرون,كتاب الصلاة ( ٢ ),AUD-20251217-WA0002.m4a,Series,Not Available,١٩ / ٦ / ١٤٤٧,16:01,none
الملخص الفقهي,جامع الورود,"Friday, Monday, Sunday, Thursday, Tuesday, Wednesday",6,Fiqh,صالح الفوزان,26,2025-12-18,Thursday,الخامس والعشرون,كتاب الصلاة ( ٣ ),AUD-20251217-WA0003.m4a,Series,Not Available,٢٤ / ٦ / ١٤٤٧,16:37,none
الملخص الفقهي,جامع الورود,"Friday, Monday, Sunday, Thursday, Tuesday, Wednesday",6,Fiqh,صالح الفوزان,27,2025-12-22,Monday,السادس والعشرون,كتاب الصلاة ( ٤ ),AUDIO-2025-12-22-17-25-03.m4a,Series,Not Available,٢ / ٧/ ١٤٤٧,10:17,none
الملخص الفقهي,جامع الورود,"Friday, Monday, Sunday, Thursday, Tuesday, Wednesday",6,Fiqh,صالح الفوزان,28,2025-12-24,Wednesday,السادس والعشرون,كتاب الصلاة (٥ ),AUDIO-2025-12-24-17-02-41.m4a,Series,Not Available,٤ / ٧/ ١٤٤٧,19:29,none
الملخص الفقهي,جامع الورود,"Friday, Monday, Sunday, Thursday, Tuesday, Wednesday",6,Fiqh,صالح الفوزان,29,2025-12-30,Tuesday,السابع والعشرون,كتاب الصلاة (٦ ),AUDIO-2025-12-29-20-19-23.m4a,Series,Not Available,٩ / ٧/ ١٤٤٧,10:29,none
الملخص الفقهي,جامع الورود,"Friday, Monday, Sunday, Thursday, Tuesday, Wednesday",6,Fiqh,صالح الفوزان,30,2026-01-01,Thursday,الثامن والعشرون,كتاب الصلاة (٧ ),AUDIO-2025-12-31-17-11-22.m4a,Series,Not Available,١١/ ٧/ ١٤٤٧,19:26,none
الملخص الفقهي,جامع الورود,"Friday, Monday, Sunday, Thursday, Tuesday, Wednesday",6,Fiqh,صالح الفوزان,31,2026-01-19,Monday,التاسع والعشرون,كتاب الصلاة (٨ ),AUDIO-2026-01-19-18-59-14.m4a,Series,Not Available,٣٠/ ٧/ ١٤٤٧,17:21,none
الأفنان الندية,Online,"Friday, Monday, Saturday, Sunday, Thursday, Tuesday, Wednesday",7,Fiqh,زيد بن هادي المدخلي,1,2025-10-08,Wednesday,العاشر,باب الربا,4_5996911497937164265.mp3,Series,Not Available,Not Available,18:36,Arabic date not found
الأفنان الندية,Online,"Friday, Monday, Saturday, Sunday, Thursday, Tuesday, Wednesday",7,Fiqh,زيد بن هادي المدخلي,2,2025-10-10,Friday,الحادي عشر,باب الربا,Mp3 Editor_251010204807.mp3,Series,Not Available,Not Available,23:24,Arabic date not found
الأفنان الندية,Online,"Friday, Monday, Saturday, Sunday, Thursday, Tuesday, Wednesday",7,Fiqh,زيد بن هادي المدخلي,3,2025-10-10,Friday,الثاني عشر,باب الربا والقرض,Mp3 Editor_251010205658.mp3,Series,Not Available,Not Available,10:37,Arabic date not found
الأفنان الندية,Online,"Friday, Monday, Saturday, Sunday, Thursday, Tuesday, Wednesday",7,Fiqh,زيد بن هادي المدخلي,4,2025-10-14,Tuesday,الثالث عشر,باب السلم والقرض,Mp3 Editor_251013232558.mp3,Series,Not Available,Not Available,13:02,Arabic date not found
الأفنان الندية,Online,"Friday, Monday, Saturday, Sunday, Thursday, Tuesday, Wednesday",7,Fiqh,زيد بن هادي المدخلي,5,2025-10-15,Wednesday,الرابع عشر,باب السلم والقرض,AUD-20251012-WA0011.m4a,Series,Not Available,Not Available,23:00,Arabic date not found
الأفنان الندية,Online,"Friday, Monday, Saturday, Sunday, Thursday, Tuesday, Wednesday",7,Fiqh,زيد بن هادي المدخلي,6,2025-10-16,Thursday,الخامس عشر,باب الكتابة والإشهاد والرهن في المعاملة,Mp3 Editor_251015224410.mp3,Series,Not Available,Not Available,14:15,Arabic date not found
الأفنان الندية,Online,"Friday, Monday, Saturday, Sunday, Thursday, Tuesday, Wednesday",7,Fiqh,زيد بن هادي المدخلي,7,2025-10-16,Thursday,السادس عشر,باب الرهن,Mp3 Editor_251015230010.mp3,Series,Not Available,Not Available,13:16,Arabic date not found
الأفنان الندية,Online,"Friday, Monday, Saturday, Sunday, Thursday, Tuesday, Wednesday",7,Fiqh,زيد بن هادي المدخلي,8,2025-10-17,Friday,السابع عشر,باب الحوالة والضمان,AUD-20251012-WA0037.m4a,Series,Not Available,Not Available,16:31,Arabic date not found
الأفنان الندية,Online,"Friday, Monday, Saturday, Sunday, Thursday, Tuesday, Wednesday",7,Fiqh,زيد بن هادي المدخلي,9,2025-10-26,Sunday,الثامن عشر,كتاب البيوع,AUD-20251026-WA0007.m4a,Series,Not Available,Not Available,09:33,Arabic date not found
الأفنان الندية,Online,"Friday, Monday, Saturday, Sunday, Thursday, Tuesday, Wednesday",7,Fiqh,زيد بن هادي المدخلي,10,2025-10-26,Sunday,التاسع عشر,كتاب البيوع,AUD-20251021-WA0026.m4a,Series,Not Available,Not Available,17:12,Arabic date not found
الأفنان الندية,Online,"Friday, Monday, Saturday, Sunday, Thursday, Tuesday, Wednesday",7,Fiqh,زيد بن هادي المدخلي,11,2025-10-26,Sunday,العشرون,كتاب البيوع,AUD-20251021-WA0036.m4a,Series,Not Available,Not Available,18:56,Arabic date not found
الأفنان الندية,Online,"Friday, Monday, Saturday, Sunday, Thursday, Tuesday, Wednesday",7,Fiqh,زيد بن هادي المدخلي,12,2025-10-29,Wednesday,الواحد والعشرون,كتاب البيوع,AUD-20251029-WA0000.m4a,Series,Not Available,Not Available,25:02,Arabic date not found
الأفنان الندية,Online,"Friday, Monday, Saturday, Sunday, Thursday, Tuesday, Wednesday",7,Fiqh,زيد بن هادي المدخلي,13,2025-11-27,Thursday,الثاني والعشرون,كتاب البيوع,AUD-20251127-WA0003.m4a,Series,Not Available,Not Available,12:14,Arabic date not found
الأفنان الندية,Online,"Friday, Monday, Saturday, Sunday, Thursday, Tuesday, Wednesday",7,Fiqh,زيد بن هادي المدخلي,14,2025-11-30,Sunday,الثالث والعشرون,كتاب البيوع,AUD-20251129-WA0010.m4a,Series,Not Available,Not Available,26:07,Arabic date not found
الأفنان الندية,Online,"Friday, Monday, Saturday, Sunday, Thursday, Tuesday, Wednesday",7,Fiqh,زيد بن هادي المدخلي,15,2025-12-02,Tuesday,السادس والعشرون,كتاب البيوع,AUD-20251202-WA0007.m4a,Series,Not Available,Not Available,24:15,Arabic date not found
الأفنان الندية,Online,"Friday, Monday, Saturday, Sunday, Thursday, Tuesday, Wednesday",7,Fiqh,زيد بن هادي المدخلي,16,2025-12-08,Monday,السابع والعشرون,كتاب البيوع,AUD-20251204-WA0005.m4a,Series,Not Available,Not Available,16:12,Arabic date not found
الأفنان الندية,Online,"Friday, Monday, Saturday, Sunday, Thursday, Tuesday, Wednesday",7,Fiqh,زيد بن هادي المدخلي,17,2025-12-13,Saturday,الثامن,باب الربا,AUD-20250901-WA0001.m4a,Series,Not Available,Not Available,27:52,Arabic date not found
الأفنان الندية,Online,"Friday, Monday, Saturday, Sunday, Thursday, Tuesday, Wednesday",7,Fiqh,زيد بن هادي المدخلي,18,2025-12-13,Saturday,التاسع,باب الربا,AUD-20251213-WA0002.m4a,Series,Not Available,Not Available,31:29,Arabic date not found
الأفنان الندية,Online,"Friday, Monday, Saturday, Sunday, Thursday, Tuesday, Wednesday",7,Fiqh,زيد بن هادي المدخلي,19,2025-12-13,Saturday,الرابع والعشرون,باب الربا,AUD-20251213-WA0003.m4a,Series,Not Available,Not Available,14:21,Arabic date not found
الأفنان الندية,Online,"Friday, Monday, Saturday, Sunday, Thursday, Tuesday, Wednesday",7,Fiqh,زيد بن هادي المدخلي,20,2025-12-13,Saturday,الخامس والعشرون,باب الربا,AUD-20251213-WA0005.m4a,Series,Not Available,Not Available,10:30,Arabic date not found
الأفنان الندية,Online,"Friday, Monday, Saturday, Sunday, Thursday, Tuesday, Wednesday",7,Fiqh,زيد بن هادي المدخلي,21,2025-12-13,Saturday,الثامن والعشرون,باب الربا,AUD-20251213-WA0006.m4a,Series,Not Available,Not Available,16:12,Arabic date not found
الأفنان الندية,Online,"Friday, Monday, Saturday, Sunday, Thursday, Tuesday, Wednesday",7,Fiqh,زيد بن هادي المدخلي,22,2025-12-13,Saturday,التاسع والعشرون,باب الهبة والعمرى والركبة,AUD-20251213-WA0004.m4a,Series,Not Available,Not Available,41:02,Arabic date not found
الأفنان الندية,Online,"Friday, Monday, Saturday, Sunday, Thursday, Tuesday, Wednesday",7,Fiqh,زيد بن هادي المدخلي,23,2025-12-18,Thursday,الثلاثون,باب الأرض الموات,AUD-20251217-WA0005.m4a,Series,Not Available,Not Available,11:39,Arabic date not found
الأفنان الندية,Online,"Friday, Monday, Saturday, Sunday, Thursday, Tuesday, Wednesday",7,Fiqh,زيد بن هادي المدخلي,24,2025-12-18,Thursday,الواحد والثلاثون,باب الأرض الموات,AUD-20251217-WA0004.m4a,Series,Not Available,Not Available,19:41,Arabic date not found
الأفنان الندية,Online,"Friday, Monday, Saturday, Sunday, Thursday, Tuesday, Wednesday",7,Fiqh,زيد بن هادي المدخلي,25,2025-12-22,Monday,الواحد والثلاثون,كتاب البيوع باب الوقف,AUDIO-2025-12-22-14-05-29.m4a,Series,Not Available,٢٤ / ٦ / ١٤٤٧,19:41,none
الأفنان الندية,Online,"Friday, Monday, Saturday, Sunday, Thursday, Tuesday, Wednesday",7,Fiqh,زيد بن هادي المدخلي,26,2025-12-22,Monday,الاول,كتاب الفرائض,AUDIO-2025-12-22-14-05-30.m4a,Series,Not Available,١ /٧ /١٤٤٧,21:26,none
الأفنان الندية,Online,"Friday, Monday, Saturday, Sunday, Thursday, Tuesday, Wednesday",7,Fiqh,زيد بن هادي المدخلي,27,2025-12-22,Monday,الثاني,كتاب الفرائض باب الوصية,AUDIO-2025-12-22-21-23-10.m4a,Series,Not Available,١٤٤٧/٧/٢,20:31,none
الأفنان الندية,Online,"Friday, Monday, Saturday, Sunday, Thursday, Tuesday, Wednesday",7,Fiqh,زيد بن هادي المدخلي,28,2025-12-30,Tuesday,الثالث,كتاب الفرائض باب أنواع الإرث,AUDIO-2025-12-29-22-32-50.m4a,Series,Not Available,١٤٤٧/٧/٩,46:48,none
الأفنان الندية,Online,"Friday, Monday, Saturday, Sunday, Thursday, Tuesday, Wednesday",7,Fiqh,زيد بن هادي المدخلي,29,2026-01-19,Monday,الرابع,كتاب الفرائض باب من يرث بالنسب,AUDIO-2026-01-18-21-18-16.m4a,Series,Not Available,١٤٤٧/٧/٢٩,17:21,none
التفسير الميسر,جامع الورود,"Friday, Monday, Sunday, Thursday, Tuesday, Wednesday",6,Other,نخبة من أهل العلم,1,2025-10-08,Wednesday,الاول,سورة الفاتحة,4_5996911497937164163.mp3,Series,Not Available,١٤ / ٣ / ١٤٤٧,13:02,none
التفسير الميسر,جامع الورود,"Friday, Monday, Sunday, Thursday, Tuesday, Wednesday",6,Other,نخبة من أهل العلم,2,2025-10-09,Thursday,الثاني,سورة النبأ,4_5999163297750849343.mp3,Series,Not Available,٢١ / ٣ / ١٤٤٧,17:29,none
التفسير الميسر,جامع الورود,"Friday, Monday, Sunday, Thursday, Tuesday, Wednesday",6,Other,نخبة من أهل العلم,3,2025-10-13,Monday,الثالث,Not Available,Mp3 Editor_251013151759.mp3,Series,Not Available,٢٨ / ٣ / ١٤٤٧,06:40,none
التفسير الميسر,جامع الورود,"Friday, Monday, Sunday, Thursday, Tuesday, Wednesday",6,Other,نخبة من أهل العلم,4,2025-10-15,Wednesday,الرابع,سورة النازعات,Mp3 Editor_251015092648.mp3,Series,Not Available,٥ / ٤ / ١٤٤٧,12:46,none
التفسير الميسر,جامع الورود,"Friday, Monday, Sunday, Thursday, Tuesday, Wednesday",6,Other,نخبة من أهل العلم,5,2025-10-16,Thursday,الخامس,Not Available,Mp3 Editor_251015223639.mp3,Series,Not Available,١٢ / ٤ / ١٤٤٧,04:40,none
التفسير الميسر,جامع الورود,"Friday, Monday, Sunday, Thursday, Tuesday, Wednesday",6,Other,نخبة من أهل العلم,6,2025-10-17,Friday,السادس,سورة عبس,Mp3 Editor_251017122120.mp3,Series,Not Available,١٩ / ٤ / ١٤٤٧,07:15,none
التفسير الميسر,جامع الورود,"Friday, Monday, Sunday, Thursday, Tuesday, Wednesday",6,Other,نخبة من أهل العلم,7,2025-10-26,Sunday,السابع,"سورة عبس ""٢""",Mp3 Editor_251026014901.mp3,Series,Not Available,٢٦ / ٤ / ١٤٤٧,05:47,none
التفسير الميسر,جامع الورود,"Friday, Monday, Sunday, Thursday, Tuesday, Wednesday",6,Other,نخبة من أهل العلم,8,2025-10-26,Sunday,الثامن,"سورة التكوير ""١""",Mp3 Editor_251026070944.mp3,Series,Not Available,٣ / ٥ / ١٤٤٧,09:55,none
التفسير الميسر,جامع الورود,"Friday, Monday, Sunday, Thursday, Tuesday, Wednesday",6,Other,نخبة من أهل العلم,9,2025-11-30,Sunday,التاسع,"سورة التكوير ""٢""",Mp3 Editor_251129231102.mp3,Series,Not Available,Not Available,06:05,Arabic date not found
التفسير الميسر,جامع الورود,"Friday, Monday, Sunday, Thursday, Tuesday, Wednesday",6,Other,نخبة من أهل العلم,10,2025-11-30,Sunday,الحادي عشر,"سورة المطففين ""١""",AUD-20251130-WA0012.m4a,Series,Not Available,Not Available,05:35,Arabic date not found
التفسير الميسر,جامع الورود,"Friday, Monday, Sunday, Thursday, Tuesday, Wednesday",6,Other,نخبة من أهل العلم,11,2025-12-02,Tuesday,العاشر,سورة الانفطار,Mp3 Editor_251202163202.mp3,Series,Not Available,Not Available,05:47,Arabic date not found
التفسير الميسر,جامع الورود,"Friday, Monday, Sunday, Thursday, Tuesday, Wednesday",6,Other,نخبة من أهل العلم,12,2025-12-09,Tuesday,الثاني عشر,"سورة المطففين ""٢""",AUD-20251209-WA0004.m4a,Series,Not Available,Not Available,04:48,Arabic date not found
التفسير الميسر,جامع الورود,"Friday, Monday, Sunday, Thursday, Tuesday, Wednesday",6,Other,نخبة من أهل العلم,13,2025-12-15,Monday,الثالث عشر,سورة الانشقاق,AUD-20251215-WA0000.m4a,Series,Not Available,Not Available,09:04,Arabic date not found
التفسير الميسر,جامع الورود,"Friday, Monday, Sunday, Thursday, Tuesday, Wednesday",6,Other,نخبة من أهل العلم,14,2025-12-22,Monday,الرابع عشر,سورة البروج,AUDIO-2025-12-22-14-05-28.m4a,Series,Not Available,٢٩ / ٦ / ١٤٤٧,22:17,none
التفسير الميسر,جامع الورود,"Friday, Monday, Sunday, Thursday, Tuesday, Wednesday",6,Other,نخبة من أهل العلم,15,2025-12-28,Sunday,الخامس عشر,سورة الطارق,AUDIO-2025-12-27-19-31-11.m4a,Series,Not Available,٧ / ٧ / ١٤٤٧,06:31,none
شرح السنة للبربهاري,جامع الورود,"Friday, Monday, Saturday, Sunday, Thursday, Tuesday",6,Aqeedah,أحمد النجمي,1,2025-10-14,Tuesday,الثاني,Not Available,Mp3 Editor_251013230959.mp3,Series,Not Available,٢٨ / ٣ / ١٤٤٧,58:31,none
شرح السنة للبربهاري,جامع الورود,"Friday, Monday, Saturday, Sunday, Thursday, Tuesday",6,Aqeedah,أحمد النجمي,2,2025-10-16,Thursday,الثالث,Not Available,Mp3 Editor_251015223341.mp3,Series,Not Available,١٢ / ٤ / ١٤٤٧,59:21,none
شرح السنة للبربهاري,جامع الورود,"Friday, Monday, Saturday, Sunday, Thursday, Tuesday",6,Aqeedah,أحمد النجمي,3,2025-10-17,Friday,الرابع,Not Available,Mp3 Editor_251017122807.mp3,Series,Not Available,١٩ / ٤ / ١٤٤٧,1:06,none
شرح السنة للبربهاري,جامع الورود,"Friday, Monday, Saturday, Sunday, Thursday, Tuesday",6,Aqeedah,أحمد النجمي,4,2025-10-26,Sunday,الخامس,Not Available,Mp3 Editor_251026012445.mp3,Series,Not Available,٢٦ / ٤ / ١٤٤٧,1:08,none
شرح السنة للبربهاري,جامع الورود,"Friday, Monday, Saturday, Sunday, Thursday, Tuesday",6,Aqeedah,أحمد النجمي,5,2025-10-26,Sunday,الأول,Not Available,Mp3 Editor_251026020733.mp3,Series,Not Available,٢١ / ٣ / ١٤٤٧,51:42,none
شرح السنة للبربهاري,جامع الورود,"Friday, Monday, Saturday, Sunday, Thursday, Tuesday",6,Aqeedah,أحمد النجمي,6,2025-10-26,Sunday,السادس,Not Available,Mp3 Editor_251026073911.mp3,Series,Not Available,٣ / ٥ / ١٤٤٧,1:03,none
شرح السنة للبربهاري,جامع الورود,"Friday, Monday, Saturday, Sunday, Thursday, Tuesday",6,Aqeedah,أحمد النجمي,7,2025-11-30,Sunday,السابع,Not Available,Mp3 Editor_251129225724.mp3,Series,Not Available,١٧ / ٥ / ١٤٤٧,58:20,none
شرح السنة للبربهاري,جامع الورود,"Friday, Monday, Saturday, Sunday, Thursday, Tuesday",6,Aqeedah,أحمد النجمي,8,2025-12-02,Tuesday,الثامن,Not Available,Mp3 Editor_251202160725.mp3,Series,Not Available,٢٤ / ٥ / ١٤٤٧,52:58,none
شرح السنة للبربهاري,جامع الورود,"Friday, Monday, Saturday, Sunday, Thursday, Tuesday",6,Aqeedah,أحمد النجمي,9,2025-12-08,Monday,التاسع,Not Available,Mp3 Editor_251208214714.mp3,Series,Not Available,٨ / ٦ / ١٤٤٧,43:47,none
شرح السنة للبربهاري,جامع الورود,"Friday, Monday, Saturday, Sunday, Thursday, Tuesday",6,Aqeedah,أحمد النجمي,10,2025-12-09,Tuesday,العاشر,Not Available,AUD-20251209-WA0005.m4a,Series,Not Available,١٦ / ٦ / ١٤٤٧,46:25,none
شرح السنة للبربهاري,جامع الورود,"Friday, Monday, Saturday, Sunday, Thursday, Tuesday",6,Aqeedah,أحمد النجمي,11,2025-12-18,Thursday,الحادي عشر,Not Available,AUD-20251215-WA0004.m4a,Series,Not Available,٢٢ / ٦ / ١٤٤٧,48:15,none
شرح السنة للبربهاري,جامع الورود,"Friday, Monday, Saturday, Sunday, Thursday, Tuesday",6,Aqeedah,أحمد النجمي,12,2025-12-22,Monday,الثاني عشر,Not Available,AUDIO-2025-12-22-14-05-29.m4a,Series,Not Available,٢٩ / ٦ / ١٤٤٧,48:06,none
شرح السنة للبربهاري,جامع الورود,"Friday, Monday, Saturday, Sunday, Thursday, Tuesday",6,Aqeedah,أحمد النجمي,13,2025-12-28,Sunday,الثالث عشر,Not Available,AUDIO-2025-12-28-07-37-23.m4a,Series,Not Available,٧ /٧ /١٤٤٧,45:08,none
شرح السنة للبربهاري,جامع الورود,"Friday, Monday, Saturday, Sunday, Thursday, Tuesday",6,Aqeedah,أحمد النجمي,14,2026-01-17,Saturday,الرابع عشر,Not Available,AUDIO-2026-01-17-19-28-05.m4a,Series,Not Available,٢٨ /٧ /١٤٤٧,45:08,none
منظومة سلم الوصول,Online,"Friday, Monday, Saturday, Sunday, Thursday, Tuesday, Wednesday",7,Aqeedah,حافظ حكمي,1,2025-10-09,Thursday,الرابع,Not Available,4_5996911497937164380.m4a,Series,Not Available,Not Available,26:56,Arabic date not found
منظومة سلم الوصول,Online,"Friday, Monday, Saturday, Sunday, Thursday, Tuesday, Wednesday",7,Aqeedah,حافظ حكمي,2,2025-10-15,Wednesday,السادس,Not Available,Mp3 Editor_251015104815.mp3,Series,Not Available,Not Available,28:58,Arabic date not found
منظومة سلم الوصول,Online,"Friday, Monday, Saturday, Sunday, Thursday, Tuesday, Wednesday",7,Aqeedah,حافظ حكمي,3,2025-10-17,Friday,السابع,Not Available,Mp3 Editor_251017165500.mp3,Series,Not Available,Not Available,24:03,Arabic date not found
منظومة سلم الوصول,Online,"Friday, Monday, Saturday, Sunday, Thursday, Tuesday, Wednesday",7,Aqeedah,حافظ حكمي,4,2025-10-26,Sunday,الثامن,Not Available,AUD-20251021-WA0054.m4a,Series,Not Available,Not Available,38:24,Arabic date not found
منظومة سلم الوصول,Online,"Friday, Monday, Saturday, Sunday, Thursday, Tuesday, Wednesday",7,Aqeedah,حافظ حكمي,5,2025-10-29,Wednesday,التاسع,Not Available,AUD-20251028-WA0003.m4a,Series,Not Available,Not Available,20:27,Arabic date not found
منظومة سلم الوصول,Online,"Friday, Monday, Saturday, Sunday, Thursday, Tuesday, Wednesday",7,Aqeedah,حافظ حكمي,6,2025-12-09,Tuesday,الثالث عشر,Not Available,AUD-20251208-WA0008.m4a,Series,Not Available,Not Available,28:36,Arabic date not found
منظومة سلم الوصول,Online,"Friday, Monday, Saturday, Sunday, Thursday, Tuesday, Wednesday",7,Aqeedah,حافظ حكمي,7,2025-12-13,Saturday,الثاني,Not Available,AUD-20251213-WA0007.m4a,Series,Not Available,Not Available,12:50,Arabic date not found
منظومة سلم الوصول,Online,"Friday, Monday, Saturday, Sunday, Thursday, Tuesday, Wednesday",7,Aqeedah,حافظ حكمي,8,2025-12-13,Saturday,الثالث,Not Available,AUD-20250903-WA0000.m4a,Series,Not Available,Not Available,11:08,Arabic date not found
منظومة سلم الوصول,Online,"Friday, Monday, Saturday, Sunday, Thursday, Tuesday, Wednesday",7,Aqeedah,حافظ حكمي,9,2025-12-13,Saturday,الخامس,Not Available,AUD-20251213-WA0008.m4a,Series,Not Available,Not Available,16:16,Arabic date not found
منظومة سلم الوصول,Online,"Friday, Monday, Saturday, Sunday, Thursday, Tuesday, Wednesday",7,Aqeedah,حافظ حكمي,10,2025-12-13,Saturday,العاشر,Not Available,AUD-20251213-WA0009.m4a,Series,Not Available,Not Available,18:14,Arabic date not found
منظومة سلم الوصول,Online,"Friday, Monday, Saturday, Sunday, Thursday, Tuesday, Wednesday",7,Aqeedah,حافظ حكمي,11,2025-12-13,Saturday,الرابع عشر,Not Available,AUD-20251213-WA0010.m4a,Series,Not Available,Not Available,26:10,Arabic date not found
منظومة سلم الوصول,Online,"Friday, Monday, Saturday, Sunday, Thursday, Tuesday, Wednesday",7,Aqeedah,حافظ حكمي,12,2025-12-22,Monday,الخامس عشر,Not Available,Not Available,Series,Not Available,٢٦ / ٦ / ١٤٤٧,Not Available,none
منظومة سلم الوصول,Online,"Friday, Monday, Saturday, Sunday, Thursday, Tuesday, Wednesday",7,Aqeedah,حافظ حكمي,13,2025-12-31,Wednesday,السادس عشر,Not Available,AUDIO-2025-12-30-21-23-04.m4a,Series,Not Available,١٠ /٧/ ١٤٤٧,18:49,none
المورد العذب الزلال,جامع الورود,"Monday, Saturday, Sunday, Tuesday",4,Aqeedah,أحمد النجمي,1,2025-11-30,Sunday,الأول,Not Available,AUD-20251129-WA0017.m4a,Series,Not Available,١٧ / ٥ / ١٤٤٧,42:51,none
المورد العذب الزلال,جامع الورود,"Monday, Saturday, Sunday, Tuesday",4,Aqeedah,أحمد النجمي,2,2025-12-02,Tuesday,الثاني,Not Available,AUD-20251202-WA0001.m4a,Series,Not Available,٢٤ / ٥ / ١٤٤٧,34:17,none
المورد العذب الزلال,جامع الورود,"Monday, Saturday, Sunday, Tuesday",4,Aqeedah,أحمد النجمي,3,2025-12-02,Tuesday,الثالث,Not Available,AUD-20251202-WA0002.m4a,Series,Not Available,٨ / ٦ / ١٤٤٧,59:22,none
المورد العذب الزلال,جامع الورود,"Monday, Saturday, Sunday, Tuesday",4,Aqeedah,أحمد النجمي,4,2025-12-08,Monday,الرابع,Not Available,AUD-20251208-WA0001.m4a,Series,Not Available,١٦ / ٦ / ١٤٤٧,32:50,none
المورد العذب الزلال,جامع الورود,"Monday, Saturday, Sunday, Tuesday",4,Aqeedah,أحمد النجمي,5,2025-12-15,Monday,الخامس,Not Available,AUD-20251215-WA0003.m4a,Series,Not Available,٢٢ / ٦ / ١٤٤٧,48:06,none
المورد العذب الزلال,جامع الورود,"Monday, Saturday, Sunday, Tuesday",4,Aqeedah,أحمد النجمي,6,2025-12-22,Monday,السادس,Not Available,AUDIO-2025-12-22-14-05-28.m4a,Series,Not Available,٢٩ / ٦ / ١٤٤٧,35:22,none
المورد العذب الزلال,جامع الورود,"Monday, Saturday, Sunday, Tuesday",4,Aqeedah,أحمد النجمي,7,2025-12-28,Sunday,السابع,Not Available,AUDIO-2025-12-27-19-36-27.m4a,Series,Not Available,٧ /٧ /١٤٤٧,26:55,none
المورد العذب الزلال,جامع الورود,"Monday, Saturday, Sunday, Tuesday",4,Aqeedah,أحمد النجمي,8,2026-01-13,Tuesday,Not Available,Not Available,Not Available,Series,Not Available,Not Available,Not Available,Type unclear - defaulted to Series; Serial number not found; Arabic date not found
المورد العذب الزلال,جامع الورود,"Monday, Saturday, Sunday, Tuesday",4,Aqeedah,أحمد النجمي,9,2026-01-17,Saturday,الثامن,Not Available,AUDIO-2026-01-17-21-35-58.m4a,Series,Not Available,٢٨ /٧ /١٤٤٧,20:37,none
تأسيس الأحكام شرح عمدة الأحكام,Online,"Friday, Monday, Sunday, Thursday, Tuesday",5,Hadeeth,أحمد بن يحيى النجمي,1,2025-10-07,Tuesday,Not Available,Not Available,Not Available,Series,Not Available,Not Available,Not Available,Serial number not found; Arabic date not found
تأسيس الأحكام شرح عمدة الأحكام,Online,"Friday, Monday, Sunday, Thursday, Tuesday",5,Hadeeth,أحمد بن يحيى النجمي,2,2025-10-26,Sunday,السابع,كتاب النكاح: باب الصداق .,AUD-20251022-WA0024.m4a,Series,Not Available,Not Available,20:30,Arabic date not found
تأسيس الأحكام شرح عمدة الأحكام,Online,"Friday, Monday, Sunday, Thursday, Tuesday",5,Hadeeth,أحمد بن يحيى النجمي,3,2025-12-09,Tuesday,الثامن,كتاب الطلاق: باب العدة .,AUD-20251208-WA0011.m4a,Series,Not Available,Not Available,25:14,Arabic date not found
تأسيس الأحكام شرح عمدة الأحكام,Online,"Friday, Monday, Sunday, Thursday, Tuesday",5,Hadeeth,أحمد بن يحيى النجمي,4,2025-12-19,Friday,Not Available,كتاب التوحيد للإمام محمد بن عبدالوهاب 818871,Not Available,Series,Not Available,Not Available,Not Available,Type unclear - defaulted to Series; Serial number not found; Arabic date not found
تأسيس الأحكام شرح عمدة الأحكام,Online,"Friday, Monday, Sunday, Thursday, Tuesday",5,Hadeeth,أحمد بن يحيى النجمي,5,2025-12-22,Monday,الاول,كتاب اللعان,AUDIO-2025-12-22-07-20-24.m4a,Series,Not Available,٢٦ / ٦ / ١٤٤٧,29:17,none
تأسيس الأحكام شرح عمدة الأحكام,Online,"Friday, Monday, Sunday, Thursday, Tuesday",5,Hadeeth,أحمد بن يحيى النجمي,6,2025-12-26,Friday,الثاني,كتاب اللعان,AUDIO-2025-12-25-21-15-03.m4a,Series,Not Available,٤ / ٧ / ١٤٤٧,21:52,none
تأسيس الأحكام شرح عمدة الأحكام,Online,"Friday, Monday, Sunday, Thursday, Tuesday",5,Hadeeth,أحمد بن يحيى النجمي,7,2026-01-01,Thursday,الثالث,كتاب اللعان,AUDIO-2025-12-31-23-27-32.m4a,Series,Not Available,١٤٤٧/٧/١١,21:03,none
تنبيه الانام على ما في كتاب سبل السلام من الفوائد والأحكام,جامع الورود,"Monday, Saturday, Sunday",3,Fiqh,أحمد النجمي,1,2025-12-22,Monday,الاول من كتاب الطهارة,كتاب سبل السلام من الفوائد والأحكام,AUDIO-2025-12-22-07-20-10.m4a,Series,Not Available,٢٩ / ٦ / ١٤٤٧,47:59,none
تنبيه الانام على ما في كتاب سبل السلام من الفوائد والأحكام,جامع الورود,"Monday, Saturday, Sunday",3,Fiqh,أحمد النجمي,2,2025-12-28,Sunday,الثاني من كتاب الطهارة,كتاب سبل السلام من الفوائد والأحكام,AUDIO-2025-12-27-10-25-24.m4a,Series,Not Available,٧ / ٧ / ١٤٤٧,1:11,none
تنبيه الانام على ما في كتاب سبل السلام من الفوائد والأحكام,جامع الورود,"Monday, Saturday, Sunday",3,Fiqh,أحمد النجمي,3,2026-01-03,Saturday,Not Available,Not Available,AUD-20260103-WA0003.opus,Series,Not Available,Not Available,34:23,Type unclear - defaulted to Series; Serial number not found; Arabic date not found
تنبيه الانام على ما في كتاب سبل السلام من الفوائد والأحكام,جامع الورود,"Monday, Saturday, Sunday",3,Fiqh,أحمد النجمي,4,2026-01-03,Saturday,الثالث من كتاب الطهارة,كتاب سبل السلام من الفوائد والأحكام,Subulussalam.m4a,Series,Not Available,١٤ /٧ / ١٤٤٧,46:17,none
تنبيه الانام على ما في كتاب سبل السلام من الفوائد والأحكام,جامع الورود,"Monday, Saturday, Sunday",3,Fiqh,أحمد النجمي,5,2026-01-17,Saturday,Not Available,Not Available,Not Available,Series,Not Available,Not Available,Not Available,Type unclear - defaulted to Series; Serial number not found; Arabic date not found
تنبيه الانام على ما في كتاب سبل السلام من الفوائد والأحكام,جامع الورود,"Monday, Saturday, Sunday",3,Fiqh,أحمد النجمي,6,2026-01-17,Saturday,الرابع من كتاب الطهارة,كتاب سبل السلام من الفوائد والأحكام,AUDIO-2026-01-17-14-52-58.m4a,Series,Not Available,٢٨ /٧ /١٤٤٧,43:41,none
التحفة النجمية بشرح الأربعين النووية,جامع الورود,"Friday, Monday, Saturday, Sunday",4,Hadeeth,أحمد النجمي,1,2025-12-22,Monday,الاول,Not Available,AUDIO-2025-12-22-07-20-10.m4a,Series,Not Available,٢٩ / ٦ / ١٤٤٧,52:42,none
التحفة النجمية بشرح الأربعين النووية,جامع الورود,"Friday, Monday, Saturday, Sunday",4,Hadeeth,أحمد النجمي,2,2025-12-28,Sunday,الثاني,Not Available,AUDIO-2025-12-27-10-21-24.m4a,Series,Not Available,٧ / ٧ / ١٤٤٧,43:18,none
التحفة النجمية بشرح الأربعين النووية,جامع الورود,"Friday, Monday, Saturday, Sunday",4,Hadeeth,أحمد النجمي,3,2026-01-02,Friday,Not Available,Not Available,Not Available,Series,Not Available,Not Available,Not Available,Serial number not found; Arabic date not found
التحفة النجمية بشرح الأربعين النووية,جامع الورود,"Friday, Monday, Saturday, Sunday",4,Hadeeth,أحمد النجمي,4,2026-01-03,Saturday,الثالث,Not Available,AUDIO-2026-01-03-09-53-46.m4a,Series,Not Available,١٤ /٧ / ١٤٤٧,44:09,none
التحفة النجمية بشرح الأربعين النووية,جامع الورود,"Friday, Monday, Saturday, Sunday",4,Hadeeth,أحمد النجمي,5,2026-01-17,Saturday,الرابع,Not Available,AUDIO-2026-01-17-14-56-45.m4a,Series,Not Available,٢٨ /٧ / ١٤٤٧,37:06,none
مختصر السيرة النبوية,جامع الورود,"Monday, Saturday, Sunday",3,Other,محمد بن عبدالوهاب,1,2025-12-22,Monday,الاول,Not Available,AUDIO-2025-12-22-07-20-10.m4a,Series,Not Available,٢٩ / ٦ / ١٤٤٧,43:13,none
مختصر السيرة النبوية,جامع الورود,"Monday, Saturday, Sunday",3,Other,محمد بن عبدالوهاب,2,2025-12-28,Sunday,الثاني,Not Available,AUDIO-2025-12-27-10-21-24.m4a,Series,Not Available,٧ / ٧ / ١٤٤٧,37:48,none
مختصر السيرة النبوية,جامع الورود,"Monday, Saturday, Sunday",3,Other,محمد بن عبدالوهاب,3,2026-01-03,Saturday,الثاني,Not Available,AUDIO-2026-01-03-09-52-35.m4a,Series,Not Available,١٤/ ٧ / ١٤٤٧,36:08,none
مختصر السيرة النبوية,جامع الورود,"Monday, Saturday, Sunday",3,Other,محمد بن عبدالوهاب,4,2026-01-17,Saturday,الثالث,Not Available,AUDIO-2026-01-17-14-54-56.m4a,Series,Not Available,٢٨/ ٧ / ١٤٤٧,27:14,none
غنية السائل بما في لامية شيخ الإسلام من مسائل,جامع الورود,"Saturday, Tuesday",2,Aqeedah,أحمد النجمي,1,2025-11-18,Tuesday,Not Available,Not Available,Not Available,Series,Not Available,Not Available,Not Available,Type unclear - defaulted to Series; Serial number not found; Arabic date not found
غنية السائل بما في لامية شيخ الإسلام من مسائل,جامع الورود,"Saturday, Tuesday",2,Aqeedah,أحمد النجمي,2,2026-01-17,Saturday,Not Available,Not Available,AUDIO-2026-01-17-21-42-37.m4a,Series,Not Available,٢٨ /٧ /١٤٤٧,51:16,Type unclear - defaulted to Series; Serial number not found
